player_id,pass_ec_mean,pass_ec_std,xthreat_ec_mean,xthreat_ec_std,difference_ec_mean,difference_ec_std
547819,,,,,,
469402,2.4606060606060605,2.711360990456514,0.006553610852079802,0.012967686005576826,2.4540524497539806,2.7063775257575657
62974,1.0227272727272727,1.270086546149806,0.012879946897845872,0.03062051136208714,1.0098473258294267,1.2601731867320656
482652,,,,,,
433952,0.5181818181818182,0.8060207326661042,0.002678242130922868,0.008565090840912176,0.5155035760508953,0.8025853961411138
52538,1.8727272727272728,1.9074451780950392,0.009940905281834321,0.022601292114792938,1.8627863674454386,1.8995978131770377
633187,,,,,,
513956,1.5757575757575757,2.1038248433587614,0.014501702673030505,0.04300592232491407,1.5612558730845452,2.0964416044186316
193774,0.8727272727272727,1.1660013844975219,0.0036606917640404266,0.010171554367628084,0.8690665809632323,1.1615295256670717
493337,,,,,,
589574,,,,,,
244243,2.090909090909091,2.1827649460987217,0.008704429569986818,0.02544874654093896,2.0822046613391043,2.1805051647308993
219271,1.2102272727272727,1.7568398652078314,0.013987185714746013,0.04150460505000672,1.1962400870125267,1.7478553698193093
220325,4.1558441558441555,4.881890561681209,0.021062156172518276,0.041969349757634375,4.134781999671638,4.86215345794817
434399,,,,,,
37064,2.515151515151515,2.6869066603225322,0.014084364547858202,0.023871948934274936,2.501067150603657,2.6736479009385254
107593,2.727272727272727,3.3667062158438554,0.007385409385304811,0.016266041274293208,2.7198873178874226,3.360977497702119
490131,,,,,,
167449,1.9696969696969697,2.235862635842026,0.01226688459597074,0.03195444514169981,1.957430085100999,2.213015980264775
463001,1.1883116883116882,1.4539220602892888,0.005907202952845401,0.016299024570775682,1.1824044853588431,1.4505336626825984
77390,3.806060606060606,3.7171135261145674,0.01912078174948028,0.03308900090375248,3.7869398243111254,3.7070557679085003
494928,2.0727272727272728,2.7426234650557446,0.010676401144464828,0.02561005141536611,2.062050871582808,2.727708626576072
216183,1.621212121212121,2.0357795879618616,0.007311337408823435,0.015791370938000787,1.6139007838032977,2.0267880687301534
466122,,,,,,
437460,2.4242424242424243,2.1885418285173075,0.010298508446992139,0.017592155926277143,2.4139439157954325,2.1816249697522516
227164,1.378787878787879,1.6946006190353213,0.008987032863828393,0.019779019131771658,1.3698008459240503,1.6868578253840036
246301,2.330578512396694,3.0972886830233572,0.005751106888996655,0.011875565258511515,2.324827405507698,3.0921197098811364
82263,2.4545454545454546,2.9034035313947837,0.0049011195556412195,0.010349594684855728,2.4496443349898134,2.899194392141013
450782,2.1818181818181817,2.4291616756158887,0.007977171578852773,0.018930884334331963,2.1738410102393293,2.4253842183365406
219929,0.7575757575757576,1.1554955130265223,0.003160245323945081,0.00927245891567965,0.7544155122518125,1.1511583794957707
194605,1.3636363636363635,1.8719327529067273,0.02676492979471976,0.06599609934556432,1.3368714338416439,1.8361078252137135
451565,2.9510489510489513,3.376862182618799,0.006661150742763287,0.009997197221440626,2.944387800306188,3.37289940014395
205992,1.3535353535353536,1.5063041352064415,0.018342645481525924,0.04543486732550672,1.3351927080538275,1.4863614357989072
488591,,,,,,
171222,1.696969696969697,1.4245647604294738,0.008281695576547995,0.015026789788354852,1.6886880013931491,1.4185192734808807
195385,1.3272727272727274,1.6954971966363297,0.017705783745655908,0.04663794166596362,1.3095669435270716,1.6808865473541423
566348,,,,,,
234908,2.5984848484848486,3.2726132836489996,0.013805891741597735,0.030161187015167075,2.5846789567432507,3.25626755753728
198221,1.812121212121212,2.167495073673417,0.008124241934521964,0.019851347196486655,1.80399697018669,2.15711058422616
490859,0.48484848484848486,0.7832029080800053,0.0035495666637420866,0.012215616718755873,0.48129891818474274,0.7776427327705763
247636,1.2424242424242424,1.6972402381745997,0.012579141893899947,0.03304044394154538,1.2298451005303423,1.687151780791458
234991,0.2727272727272727,0.5235500770657877,0.000666931856838789,0.005159152070022721,0.2720603408704339,0.5225457321263111
51732,1.3636363636363635,1.7200807207658637,0.009755368672145041,0.026650972239897132,1.3538809949642185,1.713507613292832
593109,1.8181818181818181,2.617261743096631,0.013104451071451828,0.04058385827428165,1.8050773671103664,2.610792792316331
620583,,,,,,
235585,,,,,,
233681,2.1515151515151514,2.184257895213094,0.016022045131530514,0.034356447647689234,2.135493106383621,2.17590567489316
143877,0.5064935064935064,0.8237288770856873,0.003598916832850037,0.01720542722909336,0.5028945896606565,0.8181025491831492
227162,1.878787878787879,3.159953737267566,0.006719734013035178,0.02671309960836599,1.8720681447748433,3.154472882570188
33148,1.4935064935064934,2.316644329899723,0.0029062066655710494,0.012882266286862707,1.4906002868409225,2.316052118968499
606930,,,,,,
109269,0.7355371900826446,1.2905799519027332,0.004211120233723033,0.012409689379878882,0.7313260698489216,1.282734585746903
463170,1.7933884297520661,2.012019072958498,0.006127720585328358,0.014433521078890512,1.7872607091667378,2.008665671430989
215792,1.7851239669421488,2.07785097012603,0.006888860183585054,0.012265380079556463,1.7782351067585638,2.0727614484244996
545577,,,,,,
224444,1.2272727272727273,1.5353950685504123,0.00550295756657151,0.012288437930273852,1.2217697697061558,1.5310058596116694
630808,,,,,,
89335,1.8522727272727273,2.4979071818736975,0.006649907382765827,0.021175852020002505,1.8456228198899616,2.490565247976568
173947,0.7575757575757576,1.326428401711472,0.007766792664503125,0.022231369018863488,0.7498089649112545,1.30822047131288
165907,2.5454545454545454,3.229512666969384,0.007441429495291293,0.009813426942815003,2.538013115959254,3.2205703426981973
116732,,,,,,
86398,2.9740259740259742,2.7820109795316124,0.016891086618162902,0.0356341955674969,2.957134887407811,2.774263242974216
448174,,,,,,
593196,,,,,,
468236,2.0489510489510487,2.7131605478561265,0.015299272535229268,0.03936636793688051,2.0336517764158195,2.7037003836980844
111232,1.6293706293706294,1.6458395170188138,0.0052870078987066645,0.013006000673019408,1.6240836214719225,1.6404685190316526
510281,1.4497607655502391,2.1249514354577514,0.013046476077715021,0.043152722529659286,1.4367142894725242,2.1172430703992307
465677,3.1550802139037435,3.9247621092094978,0.007409457835721671,0.011424004207525661,3.1476707560680217,3.9211184452174304
77318,1.6853146853146854,2.575895744588111,0.0017683211823273995,0.008533680134546095,1.6835463641323576,2.575303482822855
223255,3.525252525252525,3.3570171775209,0.018924275804190555,0.03270434740492141,3.506328249448335,3.3432182138872837
58877,4.138755980861244,4.423175198337898,0.02098020217714691,0.035801477333541665,4.117775778684098,4.41127709148709
165812,,,,,,
16261,,,,,,
465691,2.272727272727273,2.2998382983042758,0.008962280675767646,0.014504315630613418,2.263764992051505,2.2990116376087193
88482,0.5681818181818182,0.8089759877526221,0.002754999242405655,0.011211073789321381,0.5654268189394126,0.8045275411432126
213294,0.503030303030303,0.7833435905781755,0.00196239729753825,0.009525287373734237,0.5010679057327648,0.7811497118179335
551076,,,,,,
475612,1.106060606060606,1.83508556384435,0.008888636875902705,0.03197293351962009,1.0971719691847035,1.8171707678254763
220688,1.2045454545454546,1.641039195715105,0.011468642136850154,0.039873828711816585,1.1930768124086044,1.634209826981652
212873,,,,,,
629462,,,,,,
244363,0.8181818181818182,1.0802509656373054,0.0011549784912106285,0.005075549430573123,0.8170268396906075,1.0794445227921723
121220,2.196969696969697,2.7954853410474216,0.006317614937287094,0.016654479414956142,2.19065208203241,2.788781147352575
501039,1.1306818181818181,1.8616865493017989,0.006703696367938657,0.023864166214758172,1.1239781218138796,1.8553736714641231
18003,2.383116883116883,2.948030493657272,0.006013547319739163,0.012058823164930003,2.377103335797144,2.94501582736374
96432,,,,,,
42670,2.709090909090909,2.9705997390960226,0.01854334577715434,0.042042251348710986,2.6905475633137548,2.946596486946834
549329,1.077922077922078,1.3653051013975506,0.01312225532487663,0.03384795174817365,1.0647998225972013,1.3582648813044789
111133,0.9090909090909091,1.2616400188604047,0.01555365936903638,0.058306137776803234,0.8935372497218728,1.237659778654978
522856,1.2045454545454546,1.485988276207048,0.012131613256145923,0.02820470114832709,1.1924138412893088,1.4675788401096936
50188,3.551948051948052,4.224299231505907,0.013735696662050946,0.02823074342687963,3.5382123552860008,4.218901492121281
621927,,,,,,
465607,,,,,,
86157,2.272727272727273,3.040362092398299,0.012759527329463777,0.025810535753782837,2.259967745397809,3.030751833046415
243718,1.6272727272727272,1.6506697864205466,0.010422857593760756,0.02691525556025835,1.6168498696789666,1.643700597534652
246703,0.5844155844155844,0.998058496459265,0.0019240369507612877,0.0057167746395067045,0.5824915474648231,0.9944970828881715
539673,,,,,,
94756,,,,,,
221586,2.347107438016529,3.0686652650815844,0.013384736841021662,0.029424203444436824,2.3337227011755073,3.0573200022561724
586866,0.6818181818181818,0.9871767351067833,0.012175927258227057,0.034315723040510525,0.6696422545599549,0.9750315486646747
523846,1.7636363636363637,2.426847085594703,0.00877778342498135,0.018147720946170964,1.7548585802113825,2.415541055018223
196878,0.5714285714285714,0.9456471903063652,0.0024072071645078216,0.00801462512050125,0.5690213642640636,0.9422961145392359
126119,1.7045454545454546,2.0141117162435758,0.01834281935841797,0.04689906027799228,1.6862026351870365,1.9968448405147772
201178,1.4224598930481283,1.5881002481342457,0.01046739894178854,0.02515928498625214,1.4119924941063398,1.5749609297547753
441175,1.8,1.6776607090068762,0.007025786359735897,0.01412412635149934,1.792974213640264,1.6740919369723741
11129,4.123376623376624,5.301712443369671,0.009358959487677383,0.019062645714385124,4.114017663888946,5.293126033434983
500745,1.0909090909090908,1.4639845247492318,0.002617940499791448,0.006264772283732136,1.0882911504092996,1.4617501508339827
215206,0.4772727272727273,0.7381991713141688,0.0025536209222546233,0.00791865818305693,0.4747191063504727,0.733911065076448
611627,,,,,,
167432,2.9393939393939394,3.4017766653875725,0.006591450008003708,0.012691321144093657,2.9328024893859355,3.398141741189065
439716,0.6515151515151515,0.9768909284736286,0.001499734940278599,0.005998011056708647,0.6500154165748729,0.9743043996475633
576682,,,,,,
220191,2.416267942583732,2.3668207826538086,0.020203275901108278,0.045936197766867574,2.3960646666826237,2.3555391456209422
221511,,,,,,
485385,1.5454545454545454,1.5477923494528567,0.00563228154761114,0.014619250607789973,1.5398222639069343,1.5426637094937719
104407,0.9856459330143541,1.4558197641333748,0.005123121393527588,0.012864650402724742,0.9805228116208263,1.4517735713404802
235227,1.8636363636363635,2.328260917094909,0.01334293986924612,0.030931938911404017,1.8502934237671176,2.3158466262259556
500046,2.172727272727273,2.5257189468242713,0.009276552096689795,0.025731908465463228,2.163450720630583,2.515647341250713
201172,1.7272727272727273,2.5258989071726914,0.006989580776833634,0.013036063733375194,1.7202831464958939,2.518422364625587
156305,1.2207792207792207,1.2855174977303194,0.006196160037007081,0.014593696704204063,1.2145830607422137,1.280836841419332
55776,,,,,,
17740,2.3636363636363638,2.6340986438909977,0.016311560115299523,0.037434896842091094,2.3473248035210643,2.6185481054876174
514204,1.7272727272727273,1.7368157431402542,0.0037579819369766678,0.00697829817514708,1.723514745335751,1.7345961797194713
170116,1.5113636363636365,1.9885714275112294,0.005052658147905073,0.013257809330184625,1.5063109782157311,1.9847218615123192
592988,,,,,,
515340,,,,,,
96122,3.272727272727273,2.3775812419312765,0.011558917811424778,0.015546769788945147,3.2611683549158483,2.3678453496854166
173268,,,,,,
212770,,,,,,
96767,1.7954545454545454,3.461341998380407,0.007762514174272806,0.020564597857280296,1.7876920312802727,3.4555612673263476
448179,0.6033057851239669,1.016226522243927,0.004443090553828716,0.017591169396525354,0.5988626945701382,1.0119054150024156
100058,1.0454545454545454,1.6369948277608277,0.0019502312023797202,0.005194077089042052,1.0435043142521658,1.6360392071396146
508479,1.5789473684210527,2.623912277188062,0.0014967020087973328,0.006398794049790326,1.5774506664122554,2.6231406744881904
607789,,,,,,
513945,,,,,,
488024,1.12987012987013,1.936328359447664,0.005371888564894855,0.015216763305286894,1.124498241305235,1.929913193397879
504584,,,,,,
40270,1.625,1.854432650312611,0.02425563799757001,0.06351613629449432,1.6007443620024298,1.8431780267721187
93721,1.551948051948052,1.8796317952229604,0.011656706482548466,0.02981761029809348,1.5402913454655034,1.8702748432719112
51952,2.676767676767677,2.4815614293916033,0.019768679836275158,0.03792456864571115,2.656998996931401,2.46828491630362
509235,,,,,,
244707,1.0606060606060606,0.919136417460794,0.0033719679471304886,0.008066416453804801,1.05723409265893,0.9159836055104961
493344,1.1818181818181819,1.534542582217619,0.010107248074269782,0.027258573528552068,1.171710933743912,1.5226799776878053
494927,,,,,,
121145,3.207792207792208,3.922421933825104,0.024473033093869424,0.06596588292854412,3.183319174698339,3.901311319490574
59859,3.6898395721925135,4.297748879216697,0.02635508907141743,0.05413396882397987,3.6634844831210955,4.283672995969001
517333,3.1636363636363636,3.86952492439264,0.015988096124748073,0.03650884057933525,3.1476482675116153,3.8604250904164212
551466,,,,,,
519373,1.5454545454545454,2.147456692912312,0.007777680085311743,0.018303977936873814,1.5376768653692336,2.145245622906834
230696,1.2045454545454546,1.7265249577553363,0.0022738481218977425,0.005551185823289985,1.2022716064235568,1.723241124074901
551309,,,,,,
493072,0.8806818181818182,1.29354674112983,0.007900413344435381,0.022571918916318823,0.8727814048373826,1.2825118001876736
218430,,,,,,
449300,0.7272727272727273,1.0231480615838868,0.002614847897333609,0.007628810037790148,0.7246578793753937,1.0175244626909663
442838,0.45454545454545453,0.84132451077207,0.002353638902821261,0.009224625155057698,0.4521918156426332,0.8377954210329552
601792,,,,,,
629460,,,,,,
493104,,,,,,
563206,,,,,,
216475,2.717171717171717,3.954387421536252,0.0076257301491931525,0.014552396942335268,2.709545987022524,3.9507403211180536
107594,1.3636363636363635,1.4784959970264175,0.005948813334656065,0.015113167485431553,1.3576875503017076,1.476040986682095
234580,0.8909090909090909,1.6200193856609728,0.0018381177629146549,0.007108044426196378,0.8890709731461763,1.619305586352022
232175,1.0681818181818181,1.1559672705481383,0.005156055495955291,0.014846005890672602,1.063025762685863,1.1533540053122657
463784,2.090909090909091,3.2878438763682043,0.004319606066465964,0.006501983986854674,2.086589484842625,3.2846972703684836
492898,,,,,,
218031,3.5454545454545454,5.2286559434721465,0.0071483958852440275,0.012742904696208044,3.5383061495693013,5.2245746675188895
465696,,,,,,
197316,1.4258373205741626,2.231892022980399,0.002378396702730809,0.008665375288503693,1.423458923871432,2.231109417064294
554649,,,,,,
448181,1.7272727272727273,2.5968830649246724,0.013588387607438553,0.023786641380965975,1.7136843396652888,2.592118515216709
98821,1.1363636363636365,1.6319384610014764,0.011671716072468991,0.025210046144633222,1.1246919202911672,1.6280758425584274
224965,1.3636363636363635,1.9434143933119954,0.0004789673246356223,0.002357171850947085,1.3631573963117278,1.9432352558453678
154976,2.1818181818181817,1.8982375470746455,0.018331714739737555,0.05305891113159921,2.163486467078444,1.9088592498778592
550566,,,,,,
504045,0.9696969696969697,1.3139080841623516,0.008778053974489958,0.022178225927222794,0.9609189157224798,1.2997850853043738
89850,,,,,,
222629,2.620320855614973,3.505566833984621,0.015191840775403802,0.036236917148850564,2.6051290148395694,3.495977029232563
437834,1.3838383838383839,1.813011728984612,0.012959348997699096,0.03695355238782423,1.370879034840685,1.8021317314904948
440593,2.588516746411483,3.3134584486406173,0.00900920474455326,0.019232097372054002,2.5795075416669304,3.310418848209069
431644,2.1666666666666665,1.780222435313048,0.013176204158943673,0.02323066083685858,2.153490462507723,1.771851761208137
210977,2.727272727272727,4.047241689009466,0.005508522708342022,0.01249954762780844,2.7217642045643853,4.043360932782018
547445,,,,,,
543932,,,,,,
81138,2.0303030303030303,3.089423291135256,0.0032397487239087335,0.005654904418607777,2.0270632815791214,3.086822576180494
111313,1.3315508021390374,1.6952968132018351,0.011093621002191092,0.025186366384810074,1.3204571811368464,1.6820811659929849
231480,,,,,,
484702,1.9090909090909092,2.0478661428936915,0.011165123527728967,0.028630448411604347,1.89792578556318,2.0367358246250706
84374,,,,,,
450429,2.287878787878788,3.292623304863747,0.005916980498618784,0.0114114856472109,2.2819618073801693,3.2880713235352683
88483,3.1948051948051948,3.9197765674428835,0.016050001489564154,0.0378910550889854,3.1787551933156313,3.90405940373329
515621,2.1515151515151514,2.7838409494058047,0.0026278238352329063,0.005502558314613884,2.148887327679919,2.781578199542649
182539,,,,,,
219717,,,,,,
494922,,,,,,
593179,,,,,,
197334,1.1565656565656566,1.6176839421216702,0.0094479491007794,0.030990089597960076,1.147117707464877,1.6081987218569533
119403,0.5727272727272728,0.8682175147349667,0.0019202536964055413,0.007938559841987863,0.5708070190308672,0.8648103746821536
488040,1.7878787878787878,1.9925250579402365,0.005728312619362555,0.01120588139915049,1.7821504752594253,1.9895043541800954
620512,,,,,,
97624,1.6875,2.123746287920133,0.0142402604337602,0.0320666688585716,1.6732597395662396,2.1124165578765783
108438,1.303030303030303,1.7141982574219332,0.018666493499736307,0.057189824599434017,1.2843638095305667,1.6989684115462989
92187,0.5,0.8393720596645177,0.002684508851847584,0.009834456765182157,0.4973154911481524,0.8350034352399955
209373,,,,,,
44989,5.0,4.367713712793351,0.02905534813974368,0.040083966947086346,4.970944651860256,4.353750700612615
248501,1.6727272727272726,1.9730414496364417,0.019375419457055724,0.048686975299829335,1.6533518532702174,1.9540875726309368
428399,1.6363636363636365,2.468105512091723,0.011559490075415613,0.03531338676757161,1.6248041462882208,2.4544026441810654
242830,2.354066985645933,2.677032423857383,0.01039033286075242,0.02130169943196353,2.343676652785181,2.6711762609599385
475177,,,,,,
249823,1.6363636363636365,2.2712722615200525,0.006580221493942879,0.023253217582590226,1.6297834148696935,2.2682664676505997
207721,,,,,,
17861,2.6454545454545455,2.6511965176513437,0.008492015774958585,0.014119740929557666,2.636962529679588,2.647072723981556
201895,0.922077922077922,1.041555202896801,0.006368966978087484,0.014447957131298128,0.9157089550998346,1.036664986573638
246124,,,,,,
624877,0.8272727272727273,1.333887625831767,0.004646925569310388,0.02001681117610565,0.8226258017034168,1.329496109567208
206340,2.3181818181818183,3.2247108910068993,0.01759599684229146,0.041383995850555376,2.300585821339527,3.204351939010807
638238,,,,,,
463182,,,,,,
598418,,,,,,
184855,0.7727272727272727,1.0630923239569545,0.003009557332883883,0.007114621856347906,0.7697177153943887,1.058621946315634
498444,3.1818181818181817,3.2702010452009,0.01660513307834642,0.02964366425846927,3.165213048739836,3.2575232967622623
195457,1.4090909090909092,1.4819854897182825,0.0053651338170827715,0.013727530211334167,1.4037257752738261,1.4768104107768771
484406,1.878787878787879,2.051226424335812,0.016706666977981073,0.03122929310005553,1.8620812118098975,2.0363139325289583
224919,3.0170454545454546,4.3386141899047646,0.007985265014021291,0.01988899533464251,3.0090601895314326,4.3317096012051985
629157,,,,,,
78056,3.595959595959596,3.419844617886714,0.01494725914826475,0.024555553482553383,3.581012336811331,3.4162356003400127
477463,2.202020202020202,2.0694009184322018,0.012483511241919756,0.025785428073531607,2.189536690778282,2.0611255799365105
119141,2.75,3.0460481104061854,0.018327857477904462,0.037446091292418854,2.731672142522095,3.0317300755864505
219292,3.4545454545454546,3.0287874998104876,0.013913693850039759,0.024867588946620545,3.440631760695415,3.0180998884348256
440077,1.7159090909090908,2.0502154190384023,0.008455256609680642,0.019717210109833176,1.7074538342994101,2.039887254300377
37055,3.7777777777777777,3.4976342814506634,0.025648751348999917,0.03808962630605175,3.752129026428777,3.482274560594146
219002,1.1818181818181819,1.33608531424537,0.01024931187392626,0.0359996103093777,1.1715688699442557,1.329748387726674
445087,3.7363636363636363,3.985604260625238,0.015780182194144544,0.023959994883661205,3.7205834541694918,3.977163658753236
63904,,,,,,
63119,2.409090909090909,3.3256454043346086,0.003941460699026272,0.00604108927736372,2.405149448391883,3.3203953236424
432656,3.8636363636363638,4.184181997075618,0.019092728393729327,0.03631948893719501,3.8445436352426343,4.166975088956397
215510,1.9090909090909092,2.3434452281182256,0.004269210566597953,0.0063018651247762625,1.9048216985243107,2.340100753209409
499806,,,,,,
214125,1.9917355371900827,2.8415333649182655,0.007153736964437355,0.01766920159481897,1.9845818002256452,2.838532635167074
515501,1.4181818181818182,1.6258246477169571,0.011495364711594763,0.0283792209988909,1.4066864534702237,1.614286600414582
484411,,,,,,
88477,3.2363636363636363,3.4110176373501866,0.009980113425245995,0.02436735214741361,3.2263835229383893,3.4067187217453223
169813,2.4415584415584415,2.5354295032725926,0.01784575925279777,0.04318481058106769,2.4237126823056436,2.523592904824709
248506,0.48484848484848486,0.8570991287109667,0.00218892348228043,0.006042387538682296,0.48265956136620436,0.8548764717500885
494572,,,,,,
89572,2.272727272727273,3.13603423830188,0.011013990608784415,0.02162655335972246,2.2617132821184884,3.1191725183052883
588993,1.9393939393939394,2.545815270255542,0.008068003377860938,0.019121967711291276,1.9313259360160784,2.5392947583926517
61316,0.8080808080808081,1.088755824781345,0.003119560896548535,0.011554526637460072,0.8049612471842595,1.086088518466479
175642,,,,,,
523003,,,,,,
487703,2.0259740259740258,3.012847063476136,0.0075311556871735545,0.019322042761069684,2.018442870286852,3.004738643013511
242831,,,,,,
472148,2.0861244019138754,2.8473523005206336,0.009438065787070448,0.028241614585370455,2.076686336126805,2.8367640055231207
553732,,,,,,
492900,,,,,,
612291,,,,,,
220701,,,,,,
250700,0.5151515151515151,0.8570991287109667,0.0014204014856881305,0.004007983232813186,0.513731113665827,0.8550239231415192
629745,,,,,,
464283,1.3522727272727273,2.1375419864418226,0.01495240129587394,0.03742124873907324,1.3373203259768534,2.119523858055858
178880,1.8806818181818181,2.187898428886489,0.009857878221371096,0.0208376035286406,1.8708239399604472,2.1800918023471647
476412,1.8181818181818181,2.018918784362372,0.006623447001154661,0.016374760826838055,1.8115583711806635,2.014584853814211
130025,1.7402597402597402,2.1099799802250687,0.016131103071482352,0.03584255220930824,1.7241286371882583,2.0995384520026863
178871,4.15,3.7050641020095725,0.029861450756314047,0.05819802338148751,4.120138549243686,3.689208333592938
522855,,,,,,
174932,0.8636363636363636,1.3358275568755082,0.010008312299391097,0.026859583847770308,0.8536280513369725,1.322593228725554
178870,1.3181818181818181,2.182291615301419,0.0003953280806049798,0.0010037040257769518,1.317786490101213,2.181726806887923
94618,1.2479338842975207,1.7827501817430134,0.002376852785401774,0.00775831374729683,1.245557031512119,1.7818450965659827
495631,,,,,,
197365,2.5454545454545454,2.903403531394784,0.008799476208396892,0.015036629328088967,2.5366550692461485,2.89523098914599
522601,0.6727272727272727,0.9352597199717588,0.014292102189606191,0.048780368563722754,0.6584351705376666,0.9174053955885776
499308,,,,,,
202044,0.8863636363636364,1.1122440275674688,0.00291386775862878,0.006643228343209289,0.8834497686050077,1.1078160031956115
624878,0.49586776859504134,0.8344243023780845,0.002101748538720613,0.01635211081023439,0.49376602005632075,0.8325488130296096
477406,0.8571428571428571,1.0655683894423902,0.011326261175326792,0.031963469798229775,0.8458165959675304,1.0543883428696272
479816,,,,,,
551073,,,,,,
451281,,,,,,
593110,,,,,,
166552,,,,,,
550775,,,,,,
132105,2.1818181818181817,2.7901835005859645,0.013761409714541411,0.037413854277140335,2.1680567721036406,2.7803378198581736
39476,2.909090909090909,2.8108408788618737,0.0024580219594925456,0.002638447596108543,2.9066328871314164,2.8092620688437933
149838,1.4675324675324675,1.8835198852246737,0.007243693476839218,0.01643908279914637,1.4602887740556283,1.875736201533418
503523,2.0606060606060606,2.0141829524707715,0.009155967326841622,0.027492856418888573,2.051450093279219,2.004749921338019
89399,1.3909090909090909,1.9498039740420272,0.002431685571670229,0.004314447320330462,1.388477405337421,1.948474267192096
433530,1.8818181818181818,2.147860746213303,0.018669316944709975,0.054761931149371265,1.8631488648734718,2.1217624713048795
182816,,,,,,
460265,0.7454545454545455,1.0129736928861177,0.0034708005552999445,0.012778509219039724,0.7419837448992453,1.0060710294178152
72154,2.397727272727273,2.5541400115003694,0.006405986528722544,0.010609030379148164,2.3913212861985502,2.549232532393552
508455,,,,,,
234548,1.7613636363636365,2.2258518194871035,0.014025809683042454,0.0410035075754797,1.7473378266805937,2.210904082639806
179369,1.121212121212121,1.7711077813578737,0.0073109771919624405,0.025180405598231304,1.113901144020159,1.7700225874743087
433161,1.625,1.5976723125164993,0.007571369134228531,0.017455901510946954,1.6174286308657715,1.5921200872863064
88479,1.3181818181818181,1.5414386325284701,0.007245494147452645,0.022693902458606446,1.3109363240343654,1.5344340342305485
167210,1.0852272727272727,1.7705314926679294,0.006920561072550146,0.018504660749013472,1.0783067116547225,1.7617172802415144
76012,1.7272727272727273,1.8136306675690912,0.008857594971122068,0.018133626554147804,1.7184151323016053,1.807752919138416
465494,2.0578512396694215,2.5818742652716486,0.01692792958493293,0.04091716289074157,2.0409233100844886,2.560501434747182
491430,1.5,1.6809989814861803,0.01194433374650483,0.024015902664578138,1.4880556662534954,1.6671785927199427
640489,,,,,,
492852,,,,,,
475561,3.4646464646464645,3.282377591440469,0.014139994431925793,0.024354632826728933,3.4505064702145387,3.2739733221621976
246333,1.4141414141414141,1.7753082020666926,0.009437980442487752,0.025402258167696517,1.4047034336989264,1.7611522518068432
437465,1.6818181818181819,1.5901668027124207,0.008575439479928424,0.019813807069284668,1.6732427423382532,1.5831836426323738
225463,0.42424242424242425,0.6527472493496368,0.0033753936073760357,0.012733287279953667,0.4208670306350482,0.6467134200049085
470511,2.3636363636363638,3.6499745272517696,0.008577752086780011,0.016187502803022138,2.3550586115495835,3.6484653905264417
210341,1.5909090909090908,2.3026813930277337,0.0002099413017262245,0.0004983989822687664,1.5906991496073648,2.30238021222333
444952,0.8484848484848485,1.2582145146682844,0.006339444431633512,0.022403758442444247,0.8421454040532149,1.2471130336367904
241865,1.0303030303030303,1.2427937366309016,0.0054825290525145134,0.015174173720265841,1.024820501250516,1.237164495755861
546813,,,,,,
546282,,,,,,
84702,1.3916083916083917,1.8512326833873338,0.006552140957454359,0.02195864333958764,1.3850562506509372,1.8488629191803632
466072,1.1818181818181819,1.9548625535586346,0.012231831361652791,0.05368267106034802,1.169586350456529,1.9385431713796648
551292,,,,,,
55317,,,,,,
547455,,,,,,
492907,,,,,,
445736,0.5909090909090909,0.9370694603676502,0.0032459643378256508,0.010875201967966694,0.5876631265712653,0.9317184559188776
229222,1.6363636363636365,2.0236208445047335,0.007952694288586594,0.01742618949111512,1.6284109420750499,2.0123541543487735
500759,0.974025974025974,1.309049679829003,0.0032313827921570983,0.012146838173042171,0.9707945912338168,1.30752914186196
494932,,,,,,
99005,1.3051948051948052,1.5845353371819162,0.013394641659590003,0.029016482379750734,1.2918001635352152,1.570297361549588
174528,2.4759358288770055,3.2757753796815883,0.0170443300694095,0.03872325454933544,2.4588914988075956,3.2627766903520783
630581,,,,,,
176245,1.1770334928229664,1.7641427981530748,0.0061319099124176575,0.01962989517293944,1.1709015829105487,1.7591190347603214
170154,1.0984848484848484,1.636977297952802,0.011627352408415781,0.03291913839597674,1.0868574960764326,1.6223288679306056
208380,1.5909090909090908,2.2662027559619364,0.011589926768219901,0.03385202242774243,1.579319164140871,2.2528690250126773
456943,,,,,,
212769,1.2954545454545454,1.7962023759049566,0.004219960523637879,0.012711717897239454,1.2912345849309077,1.7933931104663716
500049,,,,,,
508465,,,,,,
484693,2.3693181818181817,2.687295783130889,0.011091951102228341,0.02360837498130129,2.3582262307159536,2.676128684227226
98961,1.0909090909090908,0.8999540851465151,0.008858417412639156,0.017118108539065716,1.0820506734964517,0.8901658628811492
89592,,,,,,
149535,,,,,,
588560,,,,,,
244273,2.3333333333333335,2.858974881620574,0.009513008246096641,0.017386330731135807,2.3238203250872367,2.8538746798326287
241153,1.1363636363636365,1.67319657448236,0.00510910388165043,0.011969777972839905,1.131254532481986,1.6652305075803218
102884,1.6772727272727272,2.440274168311611,0.001732169609114626,0.006759149148768315,1.6755405576636127,2.4398200803664833
515901,,,,,,
112945,1.121212121212121,1.4018222431782275,0.006539190093088482,0.021112219142444523,1.1146729311190327,1.3977766780036576
565810,,,,,,
124097,1.4727272727272727,1.7771739102963493,0.0018106494499874248,0.006340224892869033,1.4709166232772852,1.7762557032146602
499309,,,,,,
59846,2.9545454545454546,2.5903774042441636,0.022785982801487144,0.04817017656693251,2.931759471743967,2.5776401798122195
220182,0.9186602870813397,1.1188194925205481,0.0053218805381034,0.017081806394581112,0.9133384065432362,1.1112634916616855
178347,0.6363636363636364,0.9791208740244554,0.008319955160202537,0.02444717489193753,0.6280436812034338,0.9686617138780313
90318,4.287878787878788,4.627864064932054,0.01305270578445967,0.017882060866296328,4.274826082094328,4.622988114378901
126290,1.922077922077922,2.3341965650556853,0.015523208289254282,0.029461735285549913,1.906554713788668,2.3174386139786005
174249,1.9090909090909092,2.5986725791360707,0.0036029804764962344,0.006324851874256325,1.9054879286144129,2.595444623615975
523654,1.2887700534759359,1.5311496800922246,0.01806427181299502,0.05031205004891214,1.2707057816629408,1.5136853185764474
484731,,,,,,
59062,2.965034965034965,3.3058807262815493,0.02280296503971789,0.06048655171301085,2.942231999995247,3.2882841465527832
169007,1.1900826446280992,1.3318355542570144,0.012815844031723315,0.02536267513349671,1.177266800596376,1.318126074860144
248498,2.5454545454545454,2.963750841714201,0.016169422194751593,0.04185551368764884,2.529285123259794,2.956286550867887
615416,,,,,,
210171,2.022727272727273,3.0036995095717636,0.005564895100621461,0.014108495365300214,2.017162377626651,2.997082423912329
230071,1.8909090909090909,1.932240595528483,0.007276997113352698,0.016563474869728388,1.8836320937957383,1.924739426623105
119718,1.0,1.3257359305592338,0.007159778269664456,0.01925885537407686,0.9928402217303357,1.3183785444331004
109270,1.0991735537190082,2.026293928723468,0.005583688106740849,0.01762542510125864,1.0935898656122676,2.0191114483289145
213669,1.2545454545454546,1.8112595498781485,0.0074885838448683776,0.014961066759063378,1.2470568707005862,1.802668169491655
509290,0.48484848484848486,0.6569540420811757,0.0031292518263272328,0.013506912724424463,0.4817192330221576,0.6505125258699053
209712,5.404958677685951,5.414364903877652,0.03240246248131134,0.050500324406819,5.372556215204639,5.395814536651798
234511,2.062937062937063,2.062711852113648,0.009042867125277472,0.01669770492288917,2.053894195811785,2.0564319070707313
178424,1.9518716577540107,2.5062135029892607,0.013685384195739076,0.034557163795537284,1.9381862735582718,2.488272213726214
90801,2.3779904306220097,3.0064832306494527,0.007089027519232691,0.017960685405104,2.370901403102777,3.002456972381278
500043,0.8,1.4064785167864522,0.0024913407687586543,0.006792091630370513,0.7975086592312414,1.4019171467235434
532708,1.6363636363636365,2.326633434921769,0.0028927054381783506,0.005804458336861585,1.6334709309254583,2.32308995284274
219173,0.6727272727272727,0.9156129681464851,0.008239816694985556,0.025648282639657516,0.6644874560322872,0.9032451697773468
41328,3.323232323232323,4.239850108910209,0.01536341370573383,0.030541513584529546,3.307868909526589,4.230461309326415
218449,2.5454545454545454,2.675261630829484,0.004275152920948006,0.0058400253368366,2.5411793925335973,2.6720765344109165
227166,3.101010101010101,3.2798587968342017,0.011164831018533156,0.025142168385697904,3.0898452699915677,3.2702874194854163
509531,,,,,,
638237,,,,,,
447091,1.2727272727272727,1.6564424689353272,0.0026281197822792517,0.007078637695502782,1.2700991529449934,1.6567962800333365
500267,2.1322314049586777,2.4526664483337974,0.006742861341323689,0.012948908133696339,2.125488543617354,2.4503456714430505
493108,,,,,,
168580,1.0151515151515151,1.7737629712149423,0.00729449383616972,0.029649179737614398,1.0078570213153455,1.7609550717004192
619506,0.6363636363636364,1.1499191491521379,0.00859814067308335,0.01826661794484804,0.627765495690553,1.1394508915279307
65807,2.101010101010101,2.4679560491435075,0.007406785889478266,0.01848650347772841,2.093603315120623,2.4625444470290287
192895,2.484848484848485,3.5967539696867368,0.017036829291670053,0.035320261259874045,2.467811655556815,3.5832716351790683
94878,1.0430622009569377,1.5507560128666424,0.002198515808898479,0.00808323996732274,1.0408636851480393,1.54997474152174
513292,,,,,,
221306,1.5194805194805194,1.8767918856623507,0.008571499970610422,0.02106626711585174,1.510909019509909,1.8698339616283643
561243,,,,,,
538735,,,,,,
437554,2.4272727272727272,3.083560783807904,0.0078033849318503,0.014034637465612603,2.4194693423408764,3.077895999372867
471138,1.1818181818181819,1.594584499020954,0.00875154286900458,0.019777795823843893,1.173066638949177,1.5854879967223612
40836,1.2818181818181817,1.8297134310239467,0.0030169337330818754,0.008518285617096269,1.2788012480851003,1.8277371792790567
154312,2.0,2.522624895547565,0.0058625909350797124,0.014287974651883759,1.9941374090649204,2.520536812500937
580261,,,,,,
80993,1.1515151515151516,1.5786686397128613,0.004357262960260167,0.011683879388884504,1.1471578885548912,1.5748824257920757
156223,1.4242424242424243,1.3490805630031555,0.00984001294653984,0.022310600254864185,1.4144024112958846,1.3409101165235018
115860,2.147727272727273,2.3574821542141136,0.012829683666318965,0.03255940365346697,2.134897589060954,2.3470292878678047
520250,,,,,,
194282,1.6742424242424243,1.9866837455586257,0.022926796736944772,0.06033555877564046,1.6513156275054794,1.96964293681009
435679,,,,,,
448169,,,,,,
631984,,,,,,
171129,1.8181818181818181,2.317226693993864,0.022697489418039198,0.0528977383739639,1.7954843287637787,2.29636270772802
493071,,,,,,
179926,0.5151515151515151,1.030481268005307,0.007159005773358379,0.029193990526032422,0.5079925093781568,1.0223331927344022
161030,2.064171122994652,2.123499717666763,0.019091953589017396,0.04551027846520019,2.045079169405635,2.1141346487487933
219961,2.012987012987013,2.499316823503359,0.0314859447893315,0.06681119923298624,1.981501068197682,2.486111672464003
248507,0.8522727272727273,1.0173469588644493,0.004258895235788057,0.013027859782827706,0.8480138320369393,1.013610320797547
109702,0.5833333333333334,0.9296599791147712,0.005623360176584168,0.02941678895024218,0.5777099731567491,0.9203213876557472
135363,4.3090909090909095,5.227686413142987,0.013071313636689477,0.01877011231138545,4.2960195954542195,5.218500130125881
465599,1.5353535353535352,1.9191387552445083,0.005563611307474019,0.0143558500151946,1.529789924046061,1.9132747413274949
58792,1.4363636363636363,1.8660959379374837,0.011646355836987034,0.031286220854275994,1.4247172805266495,1.8491030608271908
220371,1.7272727272727273,1.8630819574471995,0.0026199896377316133,0.004368885648861862,1.7246527376349958,1.859142247986316
545998,0.6493506493506493,0.9502731496065826,0.003420880760094302,0.009005695886580768,0.645929768590555,0.9455468202075005
206255,3.111111111111111,3.697907923117657,0.008694595769000581,0.019447642242352882,3.1024165153421106,3.687410810675466
490884,0.5454545454545454,1.1570838237598051,6.187036861443887e-05,0.00013319831230506997,0.545392675085931,1.1570595261950667
165811,0.7272727272727273,1.212878551284212,0.001134234137098731,0.0035613136055494144,0.7261384931356285,1.2098375972874376
76611,1.2727272727272727,2.831347545890443,0.0014126984145237554,0.004274647838798519,1.271314574312749,2.8308283303681128
481655,2.121212121212121,2.277570596862249,0.009392528940323256,0.02180190378181686,2.111819592271798,2.2720118362750976
219000,0.7482517482517482,1.1060452542527297,0.0030079040181465438,0.011059407097034771,0.7452438442336017,1.1004613971825967
220871,1.6844919786096257,2.1424972020123723,0.012763375405358218,0.042488482918018815,1.6717286032042673,2.1384729527474327
616823,,,,,,
620613,,,,,,
61597,0.7272727272727273,0.9620913858416692,0.0036596726722603018,0.01855388767034316,0.7236130546004669,0.9580312374399335
589577,2.038961038961039,1.976758191214592,0.009511416505441097,0.016476827284583613,2.029449622455598,1.973996813223251
138039,1.4829545454545454,1.731966931693368,0.006555667004620147,0.014691728351970723,1.4763988784499253,1.7281656643211634
632021,,,,,,
151883,1.393939393939394,2.0141829524707715,0.003022326033430429,0.0063583341745690695,1.3909170679059635,2.010323338371451
538021,,,,,,
88550,1.5454545454545454,3.367319850445843,0.007362479517770166,0.02296722214699439,1.5380920659367752,3.3447617467659527
42892,,,,,,
485374,,,,,,
466131,,,,,,
449718,2.1136363636363638,2.366584699624306,0.006038338262564332,0.013162482303767055,2.1075980253737994,2.36233402245204
425706,1.2727272727272727,1.052348809344566,0.005383991656199777,0.012823123605424716,1.2673432810710727,1.0419259384961006
523062,0.6363636363636364,0.8282212344676636,0.003508417728857166,0.008302611714850134,0.6328552186347792,0.8249291170544498
132161,1.13903743315508,1.495778420809799,0.015118752422359808,0.04098270414669455,1.1239186807327204,1.484975529879368
504653,,,,,,
232016,1.6363636363636365,2.2628066306175114,0.0055000717962907075,0.017691754630067624,1.6308635645673455,2.255234673652394
575323,,,,,,
213118,1.0303030303030303,1.490403954831265,0.005926203403388436,0.015970941278709905,1.0243768268996418,1.4862393502287956
448178,1.6,1.6359595460657448,0.003981042542764337,0.008072939802170172,1.5960189574572357,1.6338597210220045
564854,,,,,,
621902,,,,,,
432838,0.6590909090909091,0.9279298028451637,0.003191111184158246,0.010537133141590674,0.6558997979067508,0.9238986156603629
546809,,,,,,
200957,1.981818181818182,3.4771509188409837,0.005825064586642825,0.012738045277625292,1.975993117231539,3.4743086952779243
84700,,,,,,
105571,1.5795454545454546,2.1570265250460103,0.00241749675175016,0.004150514139862547,1.5771279577937043,2.154983415620044
434078,1.3737373737373737,1.6396960705431722,0.011824175339317069,0.02568329415896467,1.3619131983980568,1.6282167233467157
8432,,,,,,
244855,2.914438502673797,2.9329686153493864,0.018596905371574914,0.039592569700492346,2.895841597302222,2.9180825496044482
490239,2.1818181818181817,3.2382746437325003,0.009702943127700852,0.025425606458079557,2.172115238690481,3.2278309913931484
174816,0.4943181818181818,0.8325560252163016,0.004432337151563968,0.02312143274059491,0.48988584466661783,0.8261029547562788
49464,0.509090909090909,0.8918362522495071,0.0005951253966406695,0.0029323726210554904,0.5084957836942684,0.8906318021635701
631887,,,,,,
178866,1.1590909090909092,2.099168469766733,0.0024992650829070216,0.005206323467105011,1.156591644008002,2.09741062252022
564564,,,,,,
551086,1.4285714285714286,1.5907898179514348,0.011965835921902652,0.03168742081143516,1.416605592649526,1.5841676384078178
615845,,,,,,
519434,,,,,,
130026,1.4659090909090908,1.8886555080530631,0.014489275663269569,0.03623260092898262,1.4514198152458213,1.8766427162790773
213469,1.878787878787879,2.1985887451172186,0.0068315842624996435,0.014539475625343187,1.8719562945253791,2.1952525788626907
500040,2.5844155844155843,3.6301431024372457,0.00446059568092498,0.008446034180732101,2.5799549887346593,3.6278913610920025
40721,1.707070707070707,1.9501490502607317,0.01053266523910428,0.024839453049071446,1.696538041831603,1.9364332901048715
449327,,,,,,
449027,0.8755980861244019,1.415508007679557,0.002215293838906684,0.0081729247283947,0.8733827922854952,1.4136138250840073
197314,2.4675324675324677,2.9102792099925208,0.016022749804014188,0.03566537830282249,2.4515097177284533,2.891658877184526
225902,2.686868686868687,2.3426069594781036,0.01098045416548965,0.01930132175934312,2.675888232703197,2.337543978269656
577318,,,,,,
550781,,,,,,
49214,1.5151515151515151,1.5977486456320082,0.004668737691028496,0.012960354615615453,1.5104827774604865,1.5941978350208286
215979,3.0,3.992417054791989,0.007256725740906634,0.014708103022928288,2.992743274259093,3.9871365631888915
222628,1.3262032085561497,1.6499904460557542,0.002249442849445817,0.008078910691734624,1.323953765706704,1.64932786084844
56864,,,,,,
628793,,,,,,
241645,,,,,,
488020,,,,,,
195883,1.4385026737967914,1.9209550609656476,0.012039273750661291,0.029380691909124217,1.42646340004613,1.904207282993525
503101,,,,,,
561554,1.5151515151515151,1.5199922671496304,0.005007220572766219,0.01043024455495925,1.5101442945787489,1.5169677229449505
550773,,,,,,
195923,1.3986013986013985,1.6938385262488973,0.008478529149779175,0.021611989339672465,1.3901228694516192,1.6863859801135244
223757,1.5909090909090908,2.037357711910452,0.012118786632348959,0.027424009293904247,1.578790304276742,2.027069769006641
466057,1.0454545454545454,1.6404620393289626,0.004105897770848532,0.011380204953839871,1.041348647683697,1.6356337181173113
164474,2.212121212121212,3.6077154338964,0.012811987938130409,0.03453284418275391,2.1993092241830814,3.590631504199246
192364,1.603896103896104,2.211007971253351,0.00817811746699378,0.027093756476870536,1.5957179864291102,2.2009264448989154
551487,,,,,,
86813,2.1948051948051948,2.3906688790636945,0.009421727968113535,0.02375811543563413,2.1853834668370813,2.3811479267101814
441293,0.5454545454545454,0.721568539381252,0.00010805207667392964,0.0004733406285637659,0.5453464933778716,0.7213572868359146
628794,,,,,,
490541,3.857142857142857,4.347605060123632,0.028506968276674094,0.05695166014245571,3.8286358888661827,4.328681744954494
519534,2.5041322314049586,3.2272700817969913,0.005415311179420506,0.014035674272933434,2.498716920225538,3.226170461210317
587591,,,,,,
477562,,,,,,
102380,2.9946524064171123,3.5532576394684265,0.010438102862943095,0.018727219333245285,2.98421430355417,3.549285065044968
18498,,,,,,
550816,2.3333333333333335,2.5839442092985823,0.00894655640843769,0.021844275059055444,2.324386776924895,2.5780568253324625
462680,,,,,,
153656,1.5454545454545454,2.1893808325076902,0.005562860488170424,0.006840982314799877,1.5398916849663749,2.1878085600828454
477177,,,,,,
156301,0.7454545454545455,0.9576141150737231,0.006793664211279155,0.022402612195442508,0.7386608812432665,0.9517625179170359
472145,2.1074380165289255,3.284830279507042,0.015029318770978652,0.03654121822977068,2.092408697757947,3.2702031261198266
436893,1.8888888888888888,2.0689571319669597,0.008991452547412153,0.01803290330173666,1.879897436341477,2.0617773359186056
200599,1.6666666666666667,2.395281557014486,0.009712614962297436,0.020443997745638317,1.6569540517043693,2.384575878038393
197319,1.7272727272727273,1.813630667569091,0.00288253173328503,0.003393149332927429,1.7243901955394423,1.8125427259500009
466044,1.5454545454545454,1.8763424945954812,0.01199043875411303,0.024073961974730433,1.5334641067004322,1.8694667844477386
470508,,,,,,
562720,1.9454545454545455,2.243521435099755,0.00714568049429113,0.016359110878204595,1.9383088649602545,2.237385059355896
176189,0.38181818181818183,0.5556620650885864,0.001147030916129671,0.00614284373194626,0.38067115090205217,0.5529535249931564
449931,3.0606060606060606,4.396550948044518,0.005626905974030447,0.009936581977991098,3.05497915463203,4.3949380673647145
48847,,,,,,
234370,2.2032085561497325,2.228015681338538,0.013323922948745036,0.025168247530363178,2.189884633200988,2.221548039445991
551319,,,,,,
562515,,,,,,
185524,1.8181818181818181,1.6734023670634817,0.0076923099461860675,0.016941849676590574,1.8104895082356323,1.6682983658724468
566695,,,,,,
198499,1.1483253588516746,1.6139373737213993,0.004234367214461735,0.014682616493467545,1.1440909916372128,1.6107260790030182
484753,3.9679144385026737,3.60466682554165,0.019776209641628163,0.03485952418405038,3.9481382288610454,3.5942684053894514
93203,2.0330578512396693,2.684309734125209,0.014454751520795447,0.031027208839748164,2.0186030997188738,2.6719474189599635
580409,,,,,,
472194,2.3636363636363638,3.5824957462744904,0.00272583641706754,0.006611299275343756,2.3609105272192963,3.581781874294452
213431,2.9893048128342246,3.952917158526011,0.013462179023965818,0.03209704146903748,2.975842633810259,3.9404703736580142
55315,1.4090909090909092,1.5567767081403372,0.003726763905496774,0.011153671840792995,1.4053641451854124,1.5563309607044993
166162,2.155844155844156,2.114052764856099,0.013923158787050676,0.025984526232827442,2.141920997057105,2.1059942776715888
464284,1.0,1.4200453956193917,0.011240523340741892,0.03270533148680451,0.988759476659258,1.4045363902052448
610204,,,,,,
550797,,,,,,
469274,1.1818181818181819,2.014410891469122,0.007643465848964753,0.031234891569051897,1.174174715969217,1.9967809361782844
120026,1.1818181818181819,1.33608531424537,0.009443096262436052,0.024506713879590095,1.1723750855557455,1.3305142057160535
550769,,,,,,
493019,2.220779220779221,3.115205176054841,0.00802450617475899,0.020296750645348378,2.212754714604462,3.111117632414538
109745,1.5206611570247934,2.5425281020370742,0.0005786416534187569,0.003944320858504385,1.5200825153713746,2.5423322618818807
638105,,,,,,
175204,0.9186602870813397,1.3226355175732765,0.005083404090535194,0.01497950221591211,0.9135768829908045,1.3133525736005127
587592,,,,,,
170864,1.0303030303030303,1.6450387331078744,0.010198598860564064,0.04637846253405863,1.0201044314424663,1.6332678920811075
185126,0.4659090909090909,0.8111280533974056,0.002228117291077353,0.008452587893599955,0.4636809736180135,0.8085271790966326
106824,0.6363636363636364,1.024493424507695,0.003007158965207466,0.00994418687998729,0.6333564773984288,1.0167370173763732
621967,,,,,,
94273,0.5738636363636364,0.9800271700989883,0.004019377255345221,0.014098815912981733,0.5698442591082912,0.9738545429957748
434941,1.1818181818181819,1.5332255322028507,0.016846588507854792,0.05168829218908785,1.164971593310327,1.514002352821636
498051,,,,,,
208135,2.2,2.894508907946531,0.006350031317113186,0.016096405790728525,2.193649968682887,2.8918779045923992
179271,0.922077922077922,1.1926858674201408,0.0064392312193711715,0.018480839227359998,0.915638690858551,1.1845838212623128
230598,,,,,,
439772,1.7112299465240641,1.9463477618930798,0.014754278142568153,0.032205483988689304,1.6964756683814959,1.9258590279255183
567597,,,,,,
152723,2.6931818181818183,3.3485341248259615,0.024209140042677994,0.047973294005333504,2.66897267813914,3.332526717825543
637704,,,,,,
554806,,,,,,
183462,2.616883116883117,2.3332660681499435,0.018404212915876548,0.03974689256254118,2.5984789039672402,2.327791270497775
104448,,,,,,
73314,0.8712121212121212,1.1105915911248918,0.0042480366102677775,0.015134056993257284,0.8669640846018534,1.103529996388622
107807,1.7954545454545454,2.1802788130143678,0.009796492024265836,0.02343209896779592,1.7856580534302795,2.1735371690937804
437463,0.8909090909090909,1.2011014229028176,0.0058578467454450745,0.016440589507050532,0.8850512441636458,1.1971938969588234
247412,0.7559808612440191,1.1122523893542053,0.001726768044187218,0.005664664616410038,0.7542540931998318,1.1094937174097597
551493,,,,,,
589984,,,,,,
589587,,,,,,
536561,,,,,,
176414,1.5104895104895104,1.741581681514385,0.010294131203727536,0.02956757718947023,1.500195379285783,1.7235844817635777
204814,1.1363636363636365,1.9839229857086538,0.007584909933053749,0.015922307087315835,1.1287787264305826,1.970210802873464
98770,1.2077922077922079,1.622389310155092,0.0020352359792205304,0.004723410974097815,1.2057569718129872,1.6213684033460176
442819,,,,,,
178876,3.909090909090909,3.871916261644883,0.009388136917431771,0.011804004301037651,3.899702772173477,3.867417714297356
463057,,,,,,
454883,1.696969696969697,1.8337715479281538,0.023043097575484655,0.05288574241030589,1.673926599394212,1.813264558510429
140264,1.6818181818181819,1.793583605177169,0.010991061710180522,0.021990151977829754,1.6708271201080012,1.7861252837617738
446990,1.7107438016528926,2.042676968790028,0.009118979992350736,0.01872258263547348,1.7016248216605416,2.035866768134397
165375,0.4772727272727273,0.8787552240536911,0.0026824765787552135,0.009969000292311745,0.474590250693972,0.8753256074482773
77359,2.172248803827751,2.4590415558715866,0.01060319839429916,0.023610955187724398,2.161645605433452,2.4511731719429077
482769,3.4204545454545454,2.9376923183044195,0.008395930807792254,0.014451282019628581,3.412058614646753,2.930591864408034
197326,2.0984848484848486,1.8621421701609262,0.012184716039357803,0.022132345664191665,2.086300132445491,1.8530139042387055
41189,3.320855614973262,4.679428562799108,0.007264379681237711,0.013619088128140886,3.3135912352920247,4.671206702826666
226541,2.034965034965035,1.9768329103444233,0.012872572810402591,0.032530216010075594,2.022092462154632,1.9697545585726912
491436,,,,,,
195384,1.8,1.970079216989033,0.009022168563500627,0.020974870456203998,1.7909778314364995,1.9603281797021583
533515,,,,,,
441303,1.9870129870129871,2.6408061859060483,0.01276248610503955,0.03809868906960274,1.9742505009079474,2.620488286198421
488026,1.155844155844156,1.3869983947868039,0.005108878874008925,0.011510556124601811,1.1507352769701469,1.3813415211083127
98851,2.595959595959596,2.947072479663118,0.010383399989075672,0.018021321522403943,2.5855761959705204,2.93839098136613
521510,,,,,,
522627,1.7272727272727273,1.7498524140836504,0.00949291444344826,0.01676954285498622,1.7177798128292792,1.7456069670890124
98745,1.7685950413223142,2.3940709496674337,0.011446553017454515,0.03105282801386165,1.7571484883048596,2.3802680464172794
242313,1.8806818181818181,2.1826983901576265,0.019622759733751726,0.03874346909828272,1.8610590584480666,2.1648600841998213
500041,,,,,,
205523,1.3757575757575757,2.326009758314857,0.00258249870308542,0.012908021886508794,1.3731750770544904,2.3246094570181297
199248,0.8686868686868687,1.1988754381044742,0.006387363101923396,0.018718896264571197,0.8622995055849454,1.1902780547979814
551495,,,,,,
156293,0.6515151515151515,1.0074333460532903,0.0026061162142061514,0.009945866333090648,0.6489090353009455,1.0034237601574123
76650,1.7607655502392345,1.909480599625017,0.014425875238757017,0.042882524529481054,1.7463396750004776,1.8959435480511
639300,,,,,,
112994,0.5454545454545454,0.8700717173822107,0.003391780494796569,0.011660526930483198,0.5420627649597488,0.8665495982514827
54484,1.5454545454545454,1.9241827716833388,0.005946441640830954,0.015184747854712471,1.5395081038137144,1.9122746340839671
466543,1.8484848484848484,2.6067652324371595,0.003576502131573162,0.006538040453747494,1.8449083463532754,2.6042999428239217
183778,2.1818181818181817,2.2489667048823603,0.008491151823795624,0.012780440708900402,2.173327029994386,2.2407992673656874
178092,1.4545454545454546,1.6713433009863852,0.00829889949932992,0.019532208700950966,1.4462465550461248,1.6714571505881088
80906,0.9625668449197861,1.3419157187893342,0.01391085885948852,0.041450897205364365,0.9486559860602977,1.3303305643147292
96736,2.3333333333333335,2.2301877440559514,0.017917888586245826,0.039494582182824096,2.315415444747088,2.213850278187252
432855,1.5151515151515151,1.4589579536012995,0.006445623474057969,0.012780778784183404,1.5087058916774572,1.4525335402486466
546540,1.2272727272727273,1.5098065898011068,0.005653030410045367,0.016038557506545873,1.2216196968626818,1.5042595298594987
499802,,,,,,
34703,2.521212121212121,2.1702894061667775,0.030867017588991286,0.07475361420202846,2.4903451036231297,2.143739227087805
551110,,,,,,
168636,,,,,,
56764,0.696969696969697,1.1250548400060862,0.006192387481419868,0.020716126747911304,0.6907773094882771,1.1124813940431568
165682,0.8636363636363636,1.212452606213558,0.010605567675282755,0.031514883024606914,0.8530307959610807,1.195372731500896
195364,2.272727272727273,1.9112541856026035,0.012020046726149388,0.017750210187043824,2.2607072260011236,1.9050276500952747
109243,2.5594405594405596,2.834903280555297,0.011776582998980411,0.02168034533763011,2.547663976441579,2.8246384601139214
121117,1.2513368983957218,1.7354238887560716,0.012587968495565599,0.029962030865263552,1.2387489299001564,1.7174171188524363
514189,,,,,,
538283,2.0303030303030303,2.037301371390498,0.006686513971820752,0.011599948218436913,2.0236165163312094,2.0322950563719426
519842,,,,,,
554683,1.0454545454545454,1.3643937290730577,0.0110099494262254,0.023290045118057812,1.0344445960283202,1.3538118282688492
467005,0.7272727272727273,1.052348809344566,0.0019019578939078025,0.004824523863291839,0.7253707693788195,1.0499174965361684
100059,1.5454545454545454,1.745833292241135,0.010066726839018277,0.030222312098009185,1.5353878186155274,1.741826370126073
167742,2.155844155844156,2.3469512418362584,0.010054566813591747,0.01971471791132848,2.1457895890305645,2.3364232418839483
176278,,,,,,
465495,1.8060606060606061,2.399234649928559,0.013294650185044088,0.033255872389022965,1.7927659558755618,2.3882635939157
463401,,,,,,
81352,1.1196172248803828,1.8222568285444805,0.0009808352618108866,0.005826377197942379,1.1186363896185718,1.821838821393382
88279,,,,,,
431437,,,,,,
635109,,,,,,
541052,,,,,,
442157,0.2727272727272727,0.616575453011388,3.693707637304723e-05,0.00011680529144642054,0.2726903356508997,0.6165318939382876
437549,1.9610389610389611,2.4781725485325308,0.0171073669543153,0.03748105322877815,1.943931594084646,2.459488131032202
463163,1.1022727272727273,1.4658209980577803,0.011872650046749462,0.03830822330999657,1.0904000772259779,1.4536066231207145
197024,2.0839160839160837,1.987712265118407,0.010942857086591672,0.03121795326912397,2.0729732268294923,1.9810805110200704
173209,1.4545454545454546,1.304790917673393,0.0027470011121001328,0.005392560650529787,1.4517984534333546,1.3030506488814984
433634,0.3939393939393939,0.6485131684555363,0.0007372918224261844,0.003447924097828487,0.39320210211696777,0.6467785546590012
470506,2.0,1.556997888323046,0.007270081912878097,0.010938570498356788,1.992729918087122,1.5515747988866078
163711,1.8181818181818181,2.4052284646041735,0.002535177880209997,0.004327613998570482,1.8156466403016083,2.405686486266684
184028,1.4,2.0854474122094064,0.016636731251618457,0.05834549796688618,1.3833632687483812,2.0693204654901747
38439,1.7902097902097902,1.9463185505060605,0.008847979454125377,0.0241884350847285,1.781361810755665,1.9365237034307725
103953,2.1272727272727274,2.397381491654786,0.03857832059487478,0.08470100473212959,2.0886944066778526,2.3683328314136127
80209,2.414141414141414,2.424663263135316,0.02827485253277641,0.058613519910793985,2.385866561608638,2.4014546804325794
623691,,,,,,
114323,,,,,,
604160,,,,,,
224467,2.8535353535353534,3.003997778426364,0.011754877172945946,0.024618103413829674,2.841780476362408,2.995140883363037
96771,1.4141414141414141,1.5891685203472432,0.007705955468314035,0.0191298547296859,1.4064354586731,1.5848164050067415
475344,2.01010101010101,2.805099791145015,0.01076708224580015,0.031949290458379964,1.9993339278552098,2.78998273734344
59891,,,,,,
456960,,,,,,
158074,2.6223776223776225,3.455621134302038,0.008372358395722678,0.014178798759330858,2.6140052639818996,3.452832810843507
470312,,,,,,
499310,,,,,,
59339,,,,,,
