player_id,pass_ec_mean,pass_ec_std,xthreat_ec_mean,xthreat_ec_std,difference_ec_mean,difference_ec_std,player_team,player_minute,player_position,player_name
42670,0.299900703604227,0.0674377181398359,0.2163495577252073,0.1540228662600794,-0.0835511458790196,0.1744612714111675,Athletic Club,981,defender,Yuri Berchiche
220325,0.3683787713822325,0.0934273259106553,0.0842967284521932,0.1200576510407219,-0.2840820429300392,0.1730546667228154,Barcelona,1251,defender,Jules Koundé
227164,0.2864626274006385,0.0718737323329244,0.0925712527280234,0.1527548299498996,-0.193891374672615,0.1752353669048967,Mallorca,571,midfielder,Manu Morlanes
431644,0.3973282946535483,0.0616046951667772,0.063367159048897,0.06688814771609,-0.3339611356046513,0.0944790103739185,Alavés,1575,midfielder,Ander Guevara
515621,0.323658657852596,0.0728055905307963,0.1216189854611842,0.201417777155316,-0.2020396723914117,0.2231034874393619,Real Betis,1104,defender,Chadi Riad
219271,0.2302544959291627,0.0999565331737625,0.3715326318976854,0.1584126383429298,0.1412781359685226,0.1699160426669823,Real Sociedad,1419,striker,Takefusa Kubo
213431,0.3289423718209779,0.0980800755520697,0.0887357891794916,0.1587158889484098,-0.2402065826414863,0.1759089795554268,Atlético de Madrid,1492,defender,Mario Hermoso
551086,0.1844601606566763,0.0645778016935695,0.3315838128401691,0.149914604316144,0.1471236521834928,0.134458099985022,Barcelona,520,striker,Fermín López
192364,0.2432162889906697,0.0919307537705692,0.3644310471581156,0.187019863140336,0.1212147581674459,0.2062650297675438,Atlético de Madrid,1277,midfielder,Marcos Llorente
94878,0.1470606136239415,0.0708623039500557,0.0175699699485975,0.0318918839284469,-0.129490643675344,0.0717984410462871,Rayo Vallecano,1710,goalkeeper,Stole Dimitrievski
102380,0.2885363308581046,0.07928324412412,0.0160054799817069,0.0204169262392089,-0.2725308508763978,0.0847396629085964,Real Madrid,1570,defender,Antonio Rüdiger
434941,0.3296351275654305,0.0941497129958434,0.3231169789487311,0.1612591200912113,-0.0065181486166994,0.1884943008040782,Alavés,1508,midfielder,Luis Rioja
234580,0.0997014680666854,0.0681620434403309,0.0085184890006846,0.0116170173752632,-0.0911829790660007,0.0672663009525661,Celta de Vigo,835,goalkeeper,Iván Villar
37064,0.3289193527648401,0.0224145938841303,0.1642419710345537,0.1213320752304619,-0.1646773817302863,0.1426112429486901,Real Betis,352,midfielder,Andrés Guardado
59859,0.3435122615718806,0.1066410377286142,0.156537006872039,0.1337934797313798,-0.1869752546998415,0.1939095246128854,Barcelona,1567,midfielder,Ilkay Gündogan
106824,0.185059390293966,0.0225641682649071,0.4531430669349777,0.0899033578943177,0.2680836766410116,0.0673391896294106,Atlético de Madrid,276,striker,Memphis Depay
223757,0.5402765960633307,0.040816157176556,0.3471278936099239,0.1120489122222942,-0.1931487024534066,0.0712327550457382,Getafe,309,midfielder,Óscar Rodríguez
130025,0.3247713709356876,0.0950398742787747,0.0144878085908814,0.0222466704031055,-0.3102835623448062,0.0883034720238495,Cádiz,632,defender,Luis Hernández
222628,0.2012549727147013,0.0861042792869243,0.0244433635480887,0.0429710602581055,-0.1768116091666126,0.0727178587368397,Almería,1530,goalkeeper,Luís Maximiano
464283,0.2638711380781537,0.084967852449399,0.1956123030199339,0.2236280638011817,-0.0682588350582198,0.1870559463791129,Getafe,797,defender,Juan Iglesias
93203,0.2922912651968852,0.0854605480055126,0.0390390340962495,0.0508855243003301,-0.2532522311006357,0.1086961743677318,Osasuna,1005,defender,Juan Cruz
40721,0.3913511679881835,0.0538489697610649,0.354575061087886,0.1519405004216243,-0.0367761069002974,0.1744399560105234,Rayo Vallecano,676,striker,Óscar Trejo
198499,0.2346878299069649,0.0823312725811665,0.2190520297444464,0.2442329608591568,-0.0156358001625184,0.241331450637564,Getafe,1696,midfielder,Nemanja Maksimovic
77390,0.4191305255050065,0.0658153496014316,0.0481476516525325,0.0344691428594073,-0.3709828738524739,0.0548251239006565,Atlético de Madrid,1178,midfielder,Koke
470511,0.3034020885729298,0.0007477937333394,0.0350741199769681,0.0214179781203113,-0.2683279685959616,0.0207615295842374,Athletic Club,259,defender,Imanol García de Albéniz
197334,0.2692958877699583,0.0759697839848912,0.4956203886692729,0.1721396601927357,0.2263245008993145,0.185810650674793,Athletic Club,1569,midfielder,Iñaki Williams
185126,0.2363047770717636,0.0807510385998202,0.5160638981392902,0.178646081993953,0.2797591210675266,0.1838149349862691,Mallorca,853,striker,Cyle Larin
451565,0.3200630519369374,0.1087430697440232,0.0309627078430386,0.0869440816307663,-0.2891003440938988,0.0978218968934091,Las Palmas,1206,defender,Saúl Coco
460265,0.2221204225458228,0.0666026798175582,0.3799600808848201,0.2847328567533623,0.1578396583389973,0.2236179684015541,Cádiz,386,midfielder,Robert Navarro
447091,0.1114308957102386,0.0716944390347986,0.0253495314182708,0.0253322818969823,-0.0860813642919677,0.0463621571378162,Real Betis,225,goalkeeper,Fran Vieites
115860,0.3274666290879517,0.084056608661001,0.3372157317373139,0.2115787544450419,0.0097491026493622,0.2642048649549239,Sevilla,759,midfielder,Óliver Torres
78056,0.3266607551991609,0.0647921511429236,0.0438753995923637,0.0283004856211743,-0.2827853556067972,0.0556953460253995,Barcelona,658,midfielder,Oriol Romeu
135363,0.3995783154797155,0.0975513838868098,0.0335077860114705,0.0919329680679984,-0.366070529468245,0.1251647037867551,Barcelona,1093,defender,Andreas Christensen
119141,0.3912567370996079,0.0613431072440168,0.1922664344938567,0.1889062153418846,-0.1989903026057511,0.1970276667495408,Atlético de Madrid,1012,midfielder,Rodrigo De Paul
475561,0.3587616247909239,0.0528356773278954,0.1381496810841067,0.076099476732033,-0.2206119437068171,0.1150420145350829,Real Madrid,751,midfielder,Eduardo Camavinga
17740,0.3394041074138387,0.0447701537743932,0.2743541006072644,0.1792891789521771,-0.0650500068065743,0.1766193966730733,Sevilla,806,defender,Jesús Navas
73314,0.2143088770378148,0.0715583059266475,0.4526328552788321,0.2405514775967933,0.2383239782410172,0.2059323775996883,Real Betis,932,striker,Willian José
244243,0.3089285713919104,0.078445318568246,0.1012862436318513,0.1460295673337431,-0.2076423277600591,0.1404813091900404,Granada CF,1052,midfielder,Sergio Ruiz
500040,0.4103700865175871,0.0740058347321857,0.1116828204775208,0.2005851580046503,-0.2986872660400662,0.2175027219190333,Valencia CF,1364,defender,Cristhian Mosquera
488026,0.1862706023731235,0.0618111983453192,0.2176785953341465,0.1644061761541191,0.031407992961023,0.1522123511187585,Real Sociedad,580,midfielder,Beñat Turrientes
589577,0.3485353161526592,0.0379108024728448,0.0857186051422606,0.0840554074062321,-0.2628167110103986,0.0991777000726582,Osasuna,709,midfielder,Iker Muñoz
523654,0.2867437808392189,0.0976749709073677,0.4084961935578839,0.206149010947324,0.1217524127186649,0.1779233296609246,Athletic Club,1328,midfielder,Nico Williams
81138,0.3145950296022992,0.0886523151463098,0.0996248500046564,0.1189023343250251,-0.2149701795976428,0.1310275285630328,Real Betis,225,defender,Marc Bartra
490884,0.0966646085682999,0.0,0.0887816493680824,0.0,-0.0078829592002175,0.0,Real Sociedad,239,striker,Mohamed-Ali Cho
86398,0.4166401172840696,0.1075778429958544,0.3232963470794936,0.1634543792660726,-0.0933437702045759,0.228827923242693,Las Palmas,619,midfielder,Jonathan Viera
485385,0.3404442902833504,0.0717153459611216,0.1580026148137838,0.2197802525989988,-0.1824416754695665,0.2157050564395765,Mallorca,1497,midfielder,Samú Costa
171222,0.3018350417403668,0.0402902090783579,0.0332561251180289,0.0137654260205395,-0.2685789166223378,0.0330771680475134,Getafe,337,midfielder,Mauro Arambarri
49214,0.2596218501645355,0.0738435082681245,0.0477486719175799,0.0175851020665371,-0.2118731782469555,0.0819398074566235,Granada CF,281,goalkeeper,Raúl Fernández
230696,0.310217671695472,0.0834738729057108,0.0060653031122426,0.0076027798948886,-0.3041523685832293,0.0867091776570708,Mallorca,274,defender,Siebe Van der Heyden
522856,0.2757718362516709,0.038040735038091,0.3259400924214717,0.1464441368837885,0.0501682561698007,0.1723113835184854,Osasuna,406,midfielder,Pablo Ibáñez
121145,0.3082544870553181,0.1047492749395749,0.1997364173505933,0.1421247614396684,-0.1085180697047247,0.1874445103779572,Barcelona,1267,defender,João Cancelo
109745,0.140413415631735,0.0699883260990974,0.0176891890168362,0.0181317955884144,-0.1227242266148987,0.0566476479210254,Real Madrid,990,goalkeeper,Kepa
247412,0.2230668946369408,0.0589811008418731,0.4778526431396308,0.2195715561301908,0.2547857485026901,0.2170000510702213,Celta de Vigo,1511,striker,Jørgen Strand Larsen
158074,0.3880866052575475,0.1000374997327003,0.0274690106600698,0.0697505576425289,-0.3606175945974778,0.1278251425423387,Valencia CF,1151,defender,Gabriel Paulista
121117,0.2745648016653326,0.0943632010511722,0.4295834093065781,0.1438947268250927,0.1550186076412455,0.1302307584056475,Sevilla,1463,striker,Lucas Ocampos
197024,0.2803032726211945,0.0392059792802307,0.0440878629404365,0.0386415333341496,-0.236215409680758,0.0570704732229504,Real Betis,1076,midfielder,Guido Rodríguez
522627,0.2859025594159877,0.0875609056095005,0.3004935727182151,0.2253758845357492,0.0145910133022274,0.2788744563504617,Girona,416,striker,Pablo Torre
112945,0.2002497324110605,0.1387767731636664,0.0358497869141592,0.0825525752443965,-0.1643999454969013,0.1506938557994246,Getafe,700,defender,Stefan Mitrovic
439716,0.1479594133713616,0.0690508305285249,0.4150206504470635,0.2805013701323561,0.2670612370757019,0.2718184275011285,Valencia CF,1563,striker,Hugo Duro
242313,0.3539935146674279,0.0748667475780763,0.2323799287333044,0.1754528849158503,-0.1216135859341234,0.1844753071065392,Celta de Vigo,1498,defender,Óscar Mingueza
449027,0.1273736351598014,0.058541699011135,0.022909383257515,0.0416454976027915,-0.1044642519022863,0.0620850619973517,Valencia CF,1710,goalkeeper,Giorgi Mamardashvili
173947,0.0520404598078175,0.0735963240523474,0.0192750508217229,0.0272590382875113,-0.0327654089860945,0.0463372857648361,Cádiz,281,goalkeeper,David Gil
448178,0.3503122541295755,0.0307018474912898,0.0496687603519913,0.0327694562239019,-0.3006434937775842,0.0451318100919538,Celta de Vigo,505,midfielder,Carlos Dotor
501039,0.2213304803470892,0.1403542544892186,0.091458032489203,0.172528447325037,-0.1298724478578861,0.2213031872320633,Getafe,1420,defender,Gastón Álvarez
484406,0.3330039238321587,0.0320399729360824,0.2107764784744239,0.1910437603931621,-0.1222274453577348,0.1949275969629949,Alavés,990,defender,Javi López
513956,0.2376154702205311,0.0374610730880302,0.1885588505751213,0.1326892903532949,-0.0490566196454097,0.1327709939060992,Las Palmas,520,midfielder,Alberto Moleiro
34703,0.3407472581871724,0.0631748846112519,0.1597021009324245,0.1540410196162967,-0.1810451572547479,0.154222273005173,Sevilla,1370,midfielder,Ivan Rakitic
449718,0.2813787072454534,0.0786191191354793,0.1882975031467359,0.1068334497975941,-0.0930812040987174,0.097446421488762,Las Palmas,1102,midfielder,Enzo Loiodice
446990,0.2684588526876262,0.0576718077024248,0.2439363511502651,0.1411869118154698,-0.0245225015373611,0.1440287811511709,Sevilla,1157,defender,Adrià Pedrosa
179369,0.269561491079612,0.1153851063364401,0.3544649532507551,0.0395761748996124,0.0849034621711431,0.1156110434668406,Celta de Vigo,361,midfielder,Carles Pérez
126290,0.2821422248042152,0.0860683856929623,0.3125623470733432,0.1641301152104284,0.030420122269128,0.2086706736654559,Osasuna,1171,defender,Rubén Peña
168580,0.2502063343056359,0.1017987585615128,0.4309506729886772,0.2067568223580167,0.1807443386830412,0.2506004927220505,Real Betis,1451,midfielder,Ayoze Pérez
81352,0.1026562759529711,0.0557023662064106,0.016927317812887,0.0282550143462769,-0.085728958140084,0.0479706271212569,Atlético de Madrid,1710,goalkeeper,Jan Oblak
132161,0.2781916073727279,0.079555049659856,0.2851058723139982,0.1900840967079054,0.0069142649412702,0.2207724936534836,Almería,1285,midfielder,Adri Embarba
195384,0.2931425739410268,0.0587118009841928,0.3415586054610452,0.2305808496975007,0.0484160315200183,0.2516080243847412,Real Sociedad,1344,midfielder,Mikel Merino
94273,0.1579249813322745,0.0683703899457931,0.4728199871779652,0.2374276453069193,0.3148950058456906,0.2259240019071637,Osasuna,1390,striker,Ante Budimir
244855,0.3189446872146805,0.0584821830149588,0.3091981455802888,0.1529443035980136,-0.0097465416343918,0.1425280963407249,Real Madrid,1463,midfielder,Jude Bellingham
562720,0.3182816098398938,0.0619624463988683,0.315398353576568,0.2746297037241436,-0.0028832562633258,0.2237672577043223,Almería,399,defender,Marc Pubill
248507,0.2009530176721276,0.0541429778552854,0.4992234212027659,0.2023351718676734,0.2982704035306383,0.1850369823179932,Rayo Vallecano,718,striker,Sergio Camello
234991,0.0930427448876068,0.0275379658854332,0.4473400436919733,0.1865030786094743,0.3542972988043664,0.1814671575492035,Sevilla,1192,striker,Youssef En-Nesyri
102884,0.1759397984422375,0.0777632761293895,0.0167837590320076,0.0244282313499435,-0.1591560394102298,0.0718679475113314,Girona,1800,goalkeeper,Paulo Gazzaniga
152723,0.3920144464893655,0.0824843736268224,0.2425750999627092,0.1792076441843832,-0.1494393465266563,0.1439203583576482,Osasuna,724,defender,Johan Mojica
107807,0.2875813903942719,0.0791700456003666,0.1398776940257681,0.1467623136322802,-0.1477036963685038,0.1613157243057459,Celta de Vigo,626,defender,Kevin Vázquez
154312,0.2408749891004832,0.111871363626191,0.470177827482817,0.3908455580738759,0.2293028383823337,0.4446990729938689,Granada CF,241,defender,Wilson Manafá
246333,0.255425903808064,0.0423659489564927,0.4895375593537238,0.1398851940726028,0.2341116555456597,0.1231961306118738,Real Madrid,769,striker,Vinícius Júnior
223255,0.3479002441659805,0.0667391107010661,0.1792521908659965,0.1079279180420594,-0.1686480532999839,0.128380271774216,Real Madrid,1568,midfielder,Federico Valverde
500043,0.220729463804587,0.0627926465177397,0.3275827604977827,0.1984681264572488,0.1068532966931956,0.1745541859995923,Villarreal,644,midfielder,Ilias Akhomach
517333,0.3165867579282869,0.0757008148948939,0.0606948830047104,0.1006554315958961,-0.2558918749235765,0.1103860845238098,Girona,831,defender,Arnau Martínez
450429,0.3772080630502828,0.1512022108351957,0.1087514739335893,0.12845543167386,-0.2684565891166934,0.1389395713238528,Granada CF,570,defender,Miguel Rubio
18003,0.3691221709910945,0.0800243496016323,0.1011979832108348,0.2535802927841101,-0.2679241877802596,0.2213842891469639,Villarreal,1279,defender,Raúl Albiol
165682,0.2617816970131881,0.0463560604916887,0.549285657113705,0.1582875675538208,0.2875039601005168,0.1668817831834037,Rayo Vallecano,1382,midfielder,Álvaro García
195364,0.2945210165147986,0.0269344107278554,0.0271622038109357,0.0314050896632273,-0.2673588127038628,0.0421671262588698,Sevilla,255,midfielder,Joan Jordán
200599,0.284910831160801,0.0946670122260566,0.0057592428047715,0.0095093718199465,-0.2791515883560295,0.0907897729131239,Getafe,759,defender,Domingos Duarte
166162,0.3166965794370315,0.0446777593046681,0.0185944582887669,0.0205804582781553,-0.2981021211482645,0.0510506129541601,Celta de Vigo,647,midfielder,Renato Tapia
196878,0.171050193326157,0.0467299727602897,0.4881887380765772,0.1580627798654029,0.3171385447504202,0.1409588676579002,Real Sociedad,621,striker,Umar Sadiq
522601,0.2328101018426865,0.0763542555985839,0.2787097660975611,0.1347122505564041,0.0458996642548744,0.161912107882494,Granada CF,1380,midfielder,Bryan Zaragoza
491430,0.2875682012699054,0.059516777777871,0.3443781124945199,0.2147838412015612,0.0568099112246144,0.1852503330318661,Real Betis,605,midfielder,Rodri
99005,0.3147877025274787,0.0913531088910859,0.1042787603585057,0.1471692214959369,-0.2105089421689727,0.1576757673907054,Getafe,1216,defender,Damián Suárez
244363,0.1193007915178411,0.0114406307380619,0.2271586319422849,0.1486030253139587,0.1078578404244438,0.1404648798052517,Las Palmas,412,striker,Marc Cardona
250700,0.2855747656473271,0.019776759033862,0.3386074983350668,0.4341922330623508,0.0530327326877397,0.4245912513326318,Cádiz,286,defender,Momo Mbaye
493072,0.2161025462149919,0.0748976116563709,0.4509181901527781,0.1878392571053314,0.2348156439377862,0.2041962912942029,Valencia CF,1357,midfielder,Diego López
197326,0.3314118877890818,0.0779449780333321,0.1359610808145819,0.1906692343608144,-0.1954508069744999,0.2034856511602064,Athletic Club,1052,midfielder,Mikel Vesga
468236,0.2452549255105766,0.0778161605916731,0.2675520154578502,0.1448141999865011,0.0222970899472736,0.1539162791172801,Girona,1156,midfielder,Yan Couto
490859,0.2226418664321442,0.014528494312758,0.5134836728467579,0.1925975289990051,0.2908418064146137,0.1977538798880667,Osasuna,409,striker,Raúl García
532708,0.3795326961975307,0.1063797160605856,0.0017539801263276,0.0021682967339767,-0.3777787160712031,0.1055573722518672,Almería,430,defender,Kaiky
244707,0.2686530971198264,0.0542202952833417,0.0273267478814492,0.0218223171896925,-0.2413263492383771,0.0736209346391093,Alavés,390,midfielder,Carlos Benavídez
220871,0.2701380992833237,0.0591282324495539,0.1138844495432359,0.1115440985874423,-0.1562536497400877,0.1195048796424133,Almería,1530,defender,Sergio Akieme
179271,0.3507557444660202,0.0878415884203782,0.3314766594675332,0.2273705543203695,-0.0192790849984871,0.2289586709238003,Getafe,603,midfielder,Carles Aleñá
149838,0.2915777134757236,0.101446921233566,0.0222361732142204,0.028831344271564,-0.2693415402615032,0.1088608493044799,Getafe,1143,midfielder,Djené Dakonam
84702,0.2914263526660596,0.101399813555195,0.0182008048486584,0.0599804448303556,-0.2732255478174012,0.1052472682330714,Mallorca,1177,defender,Matija Nastasic
482769,0.3956969628757885,0.062840073355197,0.0397838586869526,0.0237309405537684,-0.3559131041888358,0.0704766341371313,Las Palmas,745,midfielder,Máximo Perrone
185524,0.2739896751169032,0.0601890903162544,0.1406077265197297,0.102024180059117,-0.1333819485971734,0.1112333123261439,Sevilla,978,midfielder,Djibril Sow
89399,0.2634432519448038,0.1012570968350353,0.0451368596318831,0.1040615417332786,-0.2183063923129206,0.0885034452556329,Rayo Vallecano,881,defender,Aridane Hernández
215206,0.2588921166431281,0.0983739194142985,0.5871937218602958,0.1514662747008699,0.3283016052171676,0.1548410385977099,Cádiz,678,striker,Maximiliano Gómez
484753,0.432820692672022,0.0695752121119501,0.1040868606378296,0.0803780256685289,-0.3287338320341924,0.1271817134820232,Las Palmas,1511,midfielder,Kirian Rodríguez
61597,0.2847779860410332,0.0732482449265696,0.7038317467216793,0.1152707345243506,0.4190537606806459,0.1396604792589486,Alavés,771,striker,Kike García
477463,0.3294539347909047,0.0800320114331667,0.2075798189918054,0.1270125956618056,-0.1218741157990993,0.1338451077758911,Osasuna,820,midfielder,Jon Moncayola
488024,0.2418832514449994,0.0517470076958385,0.4579566791296934,0.234031018659228,0.2160734276846939,0.207959190039101,Villarreal,479,midfielder,Yeremy Pino
509290,0.2617712703866281,0.0937095223644799,0.4491698282738619,0.1796033113829867,0.1873985578872339,0.0952749045466554,Real Betis,347,midfielder,Luiz Henrique
216475,0.4059008010072908,0.0841220477351852,0.0310177732047696,0.1054575629206423,-0.3748830278025212,0.1429865431661047,Real Sociedad,1591,defender,Igor Zubeldia
216183,0.2404076641668636,0.0417534337493653,0.4470481127137218,0.1127542912135018,0.2066404485468581,0.0985097041428962,Real Madrid,539,midfielder,Brahim Díaz
463170,0.2728355178619535,0.0828865401157331,0.0882152004033534,0.1981230410647,-0.1846203174586,0.2162342982605961,Almería,966,midfielder,Iddrisu Baba
156293,0.2988648643652863,0.0828043034720078,0.5118959310225554,0.2587962520497673,0.213031066657269,0.2498208881645815,Mallorca,1059,striker,Vedat Muriqi
233681,0.3570994001754171,0.0715237589038409,0.1098664672116798,0.1306500213808264,-0.2472329329637373,0.1583753031748806,Almería,1149,midfielder,Lucas Robertone
503523,0.2655990850977284,0.0927906006215017,0.1334202752696167,0.1100402274741984,-0.1321788098281117,0.1681287794622437,Atlético de Madrid,562,midfielder,Pablo Barrios
487703,0.2210173949702796,0.1217034225409536,0.0687285266399619,0.1313132242256705,-0.1522888683303176,0.1668082989428276,Las Palmas,1191,defender,Álex Suárez
174249,0.2582626070318344,0.0940342072179351,0.1097912933085633,0.2074396106135745,-0.1484713137232711,0.2039582661266625,Celta de Vigo,1359,defender,Carl Starfelt
212769,0.1668198468542705,0.0663337277704594,0.0069565931031345,0.0085164761045766,-0.1598632537511359,0.06232964890137,Athletic Club,1800,goalkeeper,Unai Simón
484702,0.3181877423974306,0.080795772645087,0.3653021505828485,0.1582693833885215,0.0471144081854179,0.1674655591157818,Osasuna,1528,midfielder,Aimar Oroz
593109,0.2193200093280378,0.07497352505017,0.3591534585226297,0.2163956884347291,0.1398334491945918,0.1769994492810901,Barcelona,798,striker,Lamine Yamal
472194,0.2736402628873306,0.1096032093867907,0.0144703274882145,0.0228554970882136,-0.2591699353991161,0.1055518577497203,Las Palmas,1710,goalkeeper,Álvaro Vallés
170864,0.1644150417709316,0.0717143422776069,0.4100946854269806,0.2940604035676618,0.2456796436560489,0.3049583328369372,Las Palmas,1413,midfielder,Munir El Haddadi
51732,0.227708134989676,0.0699148028128768,0.263511053178547,0.2133553123662393,0.035802918188871,0.2791861809786061,Granada CF,538,midfielder,José Callejón
109702,0.3013402978716081,0.0999670683522407,0.368936515406912,0.250208905374329,0.0675962175353039,0.2634968140579585,Cádiz,1053,striker,Roger Martí
213669,0.2312512688508576,0.0604817410461753,0.2492394669365637,0.078581944899778,0.0179881980857061,0.1178383385944177,Valencia CF,487,midfielder,Selim Amallah
450782,0.3328766707527598,0.0674834061194143,0.0987560979491907,0.1798249009378371,-0.2341205728035691,0.1646565633881427,Granada CF,937,midfielder,Gonzalo Villar
161030,0.3383641612721722,0.0599673836107803,0.0817137516487823,0.1697876847645615,-0.2566504096233898,0.1960332180927676,Granada CF,1430,midfielder,Gerard Gumbau
224919,0.4129683557794124,0.0955224869905856,0.014771153906095,0.04039302458983,-0.3981972018733173,0.0894436457564448,Real Sociedad,1407,defender,Robin Le Normand
200957,0.3163842259613632,0.0980338647109514,0.0669977481958171,0.1277764736921622,-0.2493864777655461,0.1876502556263342,Real Sociedad,445,defender,Aritz Elustondo
107594,0.3000782441304046,0.0623586163338466,0.0355659783400483,0.0501954421484667,-0.2645122657903563,0.0877664215852231,Mallorca,638,midfielder,Omar Mascarell
195923,0.2849574538172166,0.0951955152072149,0.1895511325532877,0.235426945389975,-0.0954063212639289,0.2525106233550349,Mallorca,1198,defender,Giovanni González
124097,0.1799995972457257,0.109201398045783,0.025622157333105,0.0397079079114409,-0.1543774399126206,0.0839179136713811,Real Betis,855,goalkeeper,Rui Silva
72154,0.326049004300018,0.0838937326973086,0.0147357010978394,0.0268866098147391,-0.3113133032021785,0.0831718218753865,Sevilla,1378,defender,Nemanja Gudelj
17861,0.3346202456148194,0.0920930655419828,0.1477583612917339,0.2246228962313483,-0.1868618843230855,0.2543111794393928,Sevilla,898,defender,Sergio Ramos
538283,0.3626861062103235,0.041598478225706,0.0807310700909711,0.0458175054207143,-0.2819550361193524,0.0576696686261565,Celta de Vigo,305,midfielder,Hugo Sotelo
98745,0.2815971204714046,0.0878527432357584,0.2029832884988223,0.1650028648793726,-0.0786138319725823,0.1536110863076854,Real Betis,939,defender,Héctor Bellerín
92187,0.2158137209628225,0.0473604551443607,0.5009458096051338,0.2514843646717249,0.2851320886423112,0.2400445851283695,Mallorca,672,striker,Abdón Prats
156301,0.21440800147379,0.0399451287923986,0.5833423451502927,0.2058349247136601,0.3689343436765028,0.1906068709427903,Granada CF,603,midfielder,Antonio Puertas
111232,0.2605850171981888,0.0625826374508804,0.1305906815011974,0.1535766897475317,-0.1299943356969914,0.1472110150593036,Osasuna,1025,midfielder,Lucas Torró
441303,0.2885129216795422,0.0704359740007962,0.3337449789211119,0.1996295705804014,0.0452320572415696,0.2148218473590156,Real Betis,647,defender,Aitor Ruibal
104407,0.2152674033471197,0.10002111524088,0.0117461625468175,0.0172102810772077,-0.2035212408003021,0.0941594940007941,Mallorca,1710,goalkeeper,Predrag Rajkovic
434078,0.3016748139967272,0.055708815379149,0.2459045832477197,0.1624474006127036,-0.0557702307490075,0.1546389359107,Rayo Vallecano,1476,midfielder,Isi Palazón
126119,0.318531676494353,0.0630658253119412,0.1378784608571033,0.1492446818245876,-0.1806532156372497,0.1733969097921665,Alavés,980,defender,Rubén Duarte
89335,0.2427808558302263,0.0376705439752961,0.3951121444943644,0.1845261773282543,0.1523312886641379,0.1887328295901136,Atlético de Madrid,808,midfielder,Saúl Ñíguez
465677,0.3719808555169688,0.0933324571623501,0.041916199971206,0.1553920178677357,-0.3300646555457628,0.1925119505381755,Las Palmas,1490,defender,Mika Mármol
59846,0.4149965926100856,0.0452747017479163,0.0662888003236789,0.0615402746301936,-0.3487077922864067,0.0668206595006733,Athletic Club,585,midfielder,Ander Herrera
80906,0.2925340903565265,0.1411017467371994,0.2967154156362503,0.2382734310780221,0.0041813252797238,0.2238187084569517,Mallorca,1433,midfielder,Dani Rodríguez
40836,0.1418665979484154,0.0643584130457985,0.0059993120916834,0.0078823299730143,-0.1358672858567319,0.0616210314072782,Celta de Vigo,872,goalkeeper,Vicente Guaita
433161,0.2993929854072242,0.0755214428793273,0.0408657040798201,0.0396810345342935,-0.258527281327404,0.0619738390839238,Rayo Vallecano,1404,midfielder,Óscar Valentín
242830,0.3386843097408089,0.10113454345267,0.1446188583692736,0.2307584680057084,-0.1940654513715353,0.2646809464483032,Celta de Vigo,1709,defender,Unai Núñez
500267,0.3425484760730678,0.0678160353320909,0.0424865245280679,0.072426404045345,-0.3000619515449998,0.0890676999103287,Sevilla,952,defender,Loïc Badé
111133,0.3057595890969272,0.1551091858308323,0.1618484693747681,0.148616098649229,-0.1439111197221591,0.1808345316601219,Cádiz,722,midfielder,Darwin Machís
463784,0.326012737341819,0.1684946898004138,0.0004130935817093,0.0003423006379408,-0.3255996437601096,0.1681523891624729,Osasuna,215,defender,Jorge Herrando
76650,0.2786006155147515,0.0827778218322046,0.3464104001292307,0.2055304943103203,0.0678097846144792,0.2056800041794799,Atlético de Madrid,1561,striker,Antoine Griezmann
437549,0.2768217760787512,0.1050410449265557,0.2581845057294354,0.1715050309319478,-0.0186372703493158,0.158042657721204,Osasuna,1264,defender,Jesús Areso
445736,0.1339702595726549,0.0231696331562539,0.6437194593581438,0.0388605788460346,0.5097491997854888,0.0620302120022886,Almería,261,striker,Ibrahima Koné
119718,0.2390790495467807,0.0559674200673014,0.3927354049989153,0.2903268654899245,0.1536563554521345,0.2693157873201572,Atlético de Madrid,223,defender,Yannick Carrasco
88483,0.2766897693161024,0.0800697119189125,0.2831119963785157,0.1447455637931827,0.0064222270624133,0.1197691671133896,Real Madrid,1180,defender,Dani Carvajal
246301,0.338014863559295,0.0831372909926059,0.0859179987577112,0.2621816903611468,-0.2520968648015838,0.2539919126643244,Villarreal,981,defender,Jorge Cuenca
90801,0.3653083843675209,0.1047498923890582,0.0590112030294059,0.1118796259708991,-0.3062971813381149,0.1462170853501594,Granada CF,1665,defender,Ignasi Miquel
93721,0.2751722969337305,0.0769013563161227,0.4467998145449479,0.2726825785353408,0.1716275176112174,0.2587351189875603,Villarreal,1216,striker,Gerard Moreno
51952,0.3594917507956944,0.0742337590749611,0.0627178532888183,0.08201323515099,-0.2967738975068761,0.1025424451533432,Villarreal,1577,midfielder,Dani Parejo
224444,0.1725760105108729,0.0606363482549535,0.4638802573084859,0.2670369837990616,0.291304246797613,0.2622997745029993,Barcelona,804,striker,Ferran Torres
151883,0.218627899560602,0.045140758891629,0.0026953886824207,0.003051499249913,-0.2159325108781813,0.0441748957103036,Atlético de Madrid,651,defender,José Giménez
449931,0.4796131608774694,0.109500516851087,0.0580262234612475,0.0659926972691819,-0.421586937416222,0.1754333837726856,Real Sociedad,344,defender,Jon Pacheco
195457,0.2752345083767645,0.0692303453185903,0.319141636787997,0.2354866636974895,0.0439071284112325,0.2240314184203819,Almería,746,midfielder,Gonzalo Melero
58877,0.4263999944249958,0.0658768443173077,0.0586306914118109,0.1005205256831637,-0.3677693030131849,0.1228692600172857,Girona,1711,defender,Daley Blind
445087,0.3238887873884988,0.0887955392470811,0.0480796598486362,0.1307046048912702,-0.2758091275398625,0.1057520380174449,Barcelona,1021,defender,Ronald Araújo
178866,0.2971625138253624,0.1323608384720149,0.1290100973574315,0.2122797722924891,-0.1681524164679308,0.1633751694299167,Cádiz,330,defender,Jorge Meré
550816,0.3111402895567904,0.0541424107632865,0.06676844122068,0.1007927612829741,-0.2443718483361103,0.0905244348603281,Sevilla,508,defender,Kike Salas
65807,0.3114058242323279,0.0642705159533041,0.0326976820400823,0.0803320272778801,-0.2787081421922455,0.0743895237359063,Atlético de Madrid,724,defender,Stefan Savic
441175,0.3007274348785485,0.0666452797246846,0.1183059226820207,0.122942678295492,-0.1824215121965278,0.1200818936691375,Rayo Vallecano,1008,midfielder,Pathé Ciss
224965,0.0664980645438206,0.0324219324845526,0.0100215103375599,0.0086619763629165,-0.0564765542062606,0.0297952496000956,Real Madrid,720,goalkeeper,Andriy Lunin
215979,0.4043899012832816,0.0829416796369243,0.0041119248190322,0.0031662025673751,-0.4002779764642494,0.0816454724350153,Villarreal,478,defender,Matteo Gabbia
112994,0.3586300126439562,0.0965843937663792,0.2934192511230558,0.2476597181732742,-0.0652107615209004,0.2310649865093854,Cádiz,643,midfielder,Rubén Sobrino
76012,0.3339941617682205,0.0693059851592085,0.2180312636607233,0.1104922608205294,-0.1159628981074971,0.0721648801545725,Athletic Club,321,midfielder,Iker Muniain
184028,0.2437017986932518,0.0611039432510765,0.1895841239441619,0.1655745430702415,-0.0541176747490899,0.1739830817069246,Celta de Vigo,432,midfielder,Franco Cervi
61316,0.1220713495599377,0.0437054076481725,0.4460356213043153,0.2118538264530092,0.3239642717443776,0.2101666789496539,Real Madrid,873,striker,Joselu
221586,0.36820571557412,0.0802067541640986,0.2705466370571377,0.2038370568097084,-0.0976590785169823,0.1985756224209012,Atlético de Madrid,917,defender,Nahuel Molina
176414,0.2770830733427987,0.0796094058001597,0.2399192299475866,0.185873806272951,-0.0371638433952121,0.2378487085143983,Celta de Vigo,1128,midfielder,Luca de la Torre
440593,0.3167101394170357,0.105171839405949,0.0250977006222641,0.0850777077349461,-0.2916124387947716,0.153917369218084,Athletic Club,1606,defender,Aitor Paredes
471138,0.2942762492179528,0.0919631010204357,0.4292602882354137,0.2346905064040045,0.134984039017461,0.269624572839071,Real Sociedad,897,midfielder,Ander Barrenetxea
465599,0.2625803489881954,0.1080815819298435,0.0607483360529494,0.0764213337374722,-0.2018320129352459,0.1425406547994057,Villarreal,723,defender,Adrià Alti
469402,0.3785602600424813,0.0860923652540926,0.0891390261400008,0.1729814833586285,-0.2894212339024806,0.166637023061166,Almería,1309,defender,Edgar González
167432,0.2992293932155482,0.0405358422597322,0.1377861357020629,0.0821780312096072,-0.1614432575134853,0.1188101018693561,Las Palmas,229,defender,Daley Sinkgraven
428399,0.2114128742454336,0.0520978535810381,0.4635637470253037,0.1800078560155815,0.25215087277987,0.1936781105685797,Atlético de Madrid,1007,striker,João Félix
215792,0.2704696948981854,0.0695933403388108,0.0463739481729856,0.1035481174394812,-0.2240957467251998,0.1303727403027478,Alavés,948,defender,Aleksandar Sedlar
44989,0.4177241158076047,0.0378961110925758,0.0317687497839152,0.0351184832120472,-0.3859553660236895,0.0352873684204576,Real Madrid,1210,midfielder,Toni Kroos
504045,0.2420002617413036,0.0710241514539685,0.4073707956511641,0.1805020315388251,0.1653705339098604,0.170191987949103,Alavés,272,midfielder,Xeber Alkain
105571,0.3242139139250282,0.0744168791432915,0.1136747203268641,0.2051042001634863,-0.210539193598164,0.1888793895809316,Mallorca,713,defender,Antonio Raíllo
488040,0.2784639720465227,0.0993732518830173,0.0701116972196248,0.0906649288151383,-0.2083522748268978,0.1099835821249893,Alavés,1086,defender,Rafa Marín
235227,0.2928599398892929,0.0792482773583324,0.1737274996556832,0.1309206254688289,-0.1191324402336096,0.1142209479387281,Alavés,1613,defender,Andoni Gorosabel
58792,0.2972600854497382,0.0772213520471533,0.1965113634140512,0.1213741231715295,-0.100748722035687,0.1069505416929871,Mallorca,954,defender,Jaume Costa
59062,0.3390028792697485,0.0772365734918547,0.2384452602211397,0.1213797406664808,-0.1005576190486087,0.1725190392984101,Athletic Club,1165,defender,Óscar De Marcos
219000,0.1480880527870186,0.0726278372197033,0.4472761133601973,0.2525401985678777,0.2991880605731787,0.254440048046885,Real Sociedad,1238,striker,Mikel Oyarzabal
454883,0.3927367360057759,0.0326871405759675,0.1343936450857075,0.0615793712166997,-0.2583430909200683,0.0294244926040359,Almería,225,defender,Álex Centelles
176189,0.1291555515547454,0.0401311214914565,0.519392162643156,0.3191295147833694,0.3902366110884106,0.3337447869845232,Real Sociedad,406,striker,Carlos Fernández
220688,0.340096138015193,0.0934755229354704,0.3608126555055732,0.2437043100424355,0.02071651749038,0.2672911168337639,Getafe,1070,midfielder,Mason Greenwood
52538,0.3382694527035007,0.0533973328303523,0.0803507675744174,0.0818048251570412,-0.2579186851290832,0.1296858808763577,Sevilla,459,midfielder,Fernando
500745,0.2269179696775308,0.0690999846453565,0.324688300894399,0.357765573396468,0.0977703312168682,0.2903117737424696,Real Betis,570,midfielder,Abde Ezzalzouli
167742,0.3486929140790267,0.0856962669811114,0.0577193571679936,0.048943241979405,-0.2909735569110331,0.1187666961326397,Getafe,631,midfielder,Luis Milla
588993,0.3125980875211924,0.0367999624088005,0.2024841544107423,0.1273820871906597,-0.11011393311045,0.164067772051714,Villarreal,237,defender,Carlos Romero
194605,0.3361870468792657,0.0506414148071831,0.4158268941342755,0.2561581990212692,0.0796398472550097,0.2679135801141254,Alavés,554,midfielder,Ianis Hagi
140264,0.2598796396130893,0.0259436246473872,0.0477207889600884,0.0535238884134522,-0.2121588506530008,0.0529733867503624,Athletic Club,399,midfielder,Dani García
210341,0.1118591345146426,0.0427687582040942,0.0092901223260498,0.0101656610712114,-0.1025690121885927,0.0391893589439246,Barcelona,540,goalkeeper,Iñaki Peña
523846,0.2369343306677608,0.1019076996375304,0.0048634940140607,0.0093875123475385,-0.2320708366537,0.0949863875650751,Celta de Vigo,492,defender,Carlos Domínguez
437465,0.3288918156529122,0.0645893652996665,0.0713380838861082,0.0848311519780195,-0.2575537317668041,0.0995300533890375,Alavés,1161,midfielder,Antonio Blanco
209712,0.4389733245393343,0.0480370232177286,0.0728098433092311,0.0666238055297734,-0.3661634812301031,0.0833214918261937,Barcelona,936,midfielder,Frenkie de Jong
107593,0.2991749564347415,0.0349270489484872,0.5161623698485704,0.1896249792627415,0.2169874134138288,0.1728061588761889,Real Madrid,482,defender,Lucas Vázquez
484693,0.295156458877353,0.0945405174474549,0.332682905254714,0.275752381216979,0.037526446377361,0.2798286485565684,Las Palmas,1464,defender,Sergi Cardona
210171,0.3129498273870522,0.0873247559083511,0.0005672729068402,0.0005295330704947,-0.312382554480212,0.0874547079963063,Celta de Vigo,407,defender,Joseph Aidoo
519534,0.4179471335965237,0.0582345426955365,0.0122763116251644,0.017907251152157,-0.4056708219713592,0.0568971702134176,Granada CF,1033,defender,Raúl Torrente
222629,0.3726968843028589,0.09905527630292,0.1295214180352795,0.1356294487861468,-0.2431754662675794,0.1924800087967305,Valencia CF,1380,defender,Thierry Correia
475344,0.2950298840652381,0.0622234542654056,0.1512951089093995,0.136045264766789,-0.1437347751558385,0.1426930458186477,Real Betis,880,defender,Abner
178880,0.2878741618524021,0.0958388366764034,0.2577402847895813,0.1378647363392557,-0.0301338770628207,0.1434295337797502,Real Sociedad,1462,midfielder,Brais Méndez
37055,0.3729802112297426,0.0536104386523419,0.3249024247996698,0.1100209239925536,-0.0480777864300727,0.138757281853744,Real Madrid,804,midfielder,Luka Modric
219002,0.2874751199972529,0.043490755655516,0.5119432338519053,0.236144589801609,0.2244681138546523,0.2385706437624904,Sevilla,743,striker,Dodi Lukébakio
241865,0.3494077051360131,0.0360566049542004,0.5248989544255583,0.2696300955260301,0.1754912492895453,0.277932107880447,Rayo Vallecano,546,striker,Kike Pérez
80993,0.1806887115673935,0.0625044206443074,0.0061840991260209,0.0047761224556208,-0.1745046124413725,0.059014599689702,Osasuna,280,goalkeeper,Aitor Fernández
201895,0.2546460506041854,0.0796303013440093,0.0019641632073429,0.002252844157585,-0.2526818873968424,0.0795755836381692,Getafe,638,defender,Omar Alderete
206340,0.3001376018288009,0.0768055666295485,0.1141426844289422,0.1016096980633685,-0.1859949173998587,0.1067088246822436,Celta de Vigo,499,defender,Mihailo Ristic
208380,0.2542490830399828,0.1020687804528975,0.2205826192524468,0.1934342483235623,-0.0336664637875359,0.15591294179725,Villarreal,894,defender,Alfonso Pedraza
437554,0.2996096954588466,0.1011375907529997,0.0700051481691596,0.1289207878671473,-0.229604547289687,0.1121142691935729,Athletic Club,1779,defender,Dani Vivian
448179,0.2430318439013143,0.1241337211164383,0.4083982660293812,0.2506998235114243,0.1653664221280668,0.2490198591621242,Getafe,1032,striker,Juanmi Latasa
213294,0.091634179808447,0.0479702776559516,0.5812395252611908,0.2155098454084163,0.4896053454527437,0.2048844053335194,Girona,1182,striker,Artem Dovbyk
130026,0.3220518378625845,0.1055402328869015,0.5102199794859645,0.1667433128362041,0.18816814162338,0.1270454570084565,Osasuna,639,striker,Rubén García
54484,0.2380789145868604,0.0,0.0970134958375472,0.0,-0.1410654187493132,0.0,Villarreal,209,midfielder,Kiko Femenía
143877,0.1632694691206629,0.0962740870871347,0.3558778474511124,0.2630104256620207,0.1926083783304495,0.2680956804321242,Villarreal,1130,striker,Alexander Sørloth
215510,0.2556037208872361,0.0529407605707399,0.0095836897946334,0.0131063041025947,-0.2460200310926026,0.0542199806070784,Real Betis,360,defender,Luiz Felipe
432656,0.3612216360077073,0.0969751830813139,0.0260526508300152,0.0392685584641199,-0.3351689851776919,0.1050250243103093,Barcelona,1279,defender,Eric García
183462,0.392711710901809,0.0745431909880183,0.0828543121843197,0.0552301600576959,-0.3098573987174893,0.0949858995671552,Rayo Vallecano,1007,midfielder,Unai López
178424,0.3337517812555121,0.0933655232316334,0.2280537383985063,0.1802080345811384,-0.1056980428570057,0.2082292805585534,Rayo Vallecano,1444,defender,Alfonso Espino
500759,0.2610645714391286,0.0908343420436761,0.0609635015488069,0.0888326007028396,-0.2001010698903216,0.1589376920570422,Mallorca,546,defender,Copete
477406,0.2992690593074216,0.0540576798601399,0.3586038386514196,0.1796849165475035,0.0593347793439979,0.1610166358311107,Alavés,650,midfielder,Álex Sola
199248,0.2844592079409886,0.0964379674922141,0.3876472014611882,0.2471819950422107,0.1031879935201995,0.2241934445355545,Getafe,1524,striker,Borja Mayoral
546540,0.2256717705139262,0.047357729552443,0.1756671496690916,0.1681693607196915,-0.0500046208448346,0.1749305084602663,Valencia CF,1315,midfielder,Javi Guerra
234370,0.3649082797869155,0.0543183027306995,0.0428974561168502,0.0391714393668357,-0.3220108236700652,0.0754243317952484,Real Betis,1429,midfielder,Marc Roca
433952,0.1660866126838336,0.0896195601077611,0.3657892271380779,0.2579611609027811,0.1997026144542442,0.2112589461421553,Almería,1077,midfielder,Largie Ramazani
515501,0.3452249881261782,0.0976995083949313,0.2366574165262641,0.1051481517378466,-0.1085675715999141,0.0670055124648913,Granada CF,474,midfielder,Álvaro Carreras
88479,0.3015923965407079,0.1402114647583227,0.1973966863490918,0.1866652278561962,-0.104195710191616,0.1840631752266117,Cádiz,744,midfielder,Álex Fernández
469274,0.1866387248217459,0.0468385050177856,0.5590885255126785,0.036125162371019,0.3724498006909326,0.0829636673888046,Girona,360,midfielder,Valery Fernández
248506,0.1953259778440248,0.0830386472576901,0.4819318980246974,0.2258652461785834,0.2866059201806726,0.1428283811216904,Almería,248,midfielder,Arnau Puigmal
94618,0.1447451307651283,0.0644480022417135,0.0190550746502504,0.0308937973408724,-0.1256900561148778,0.0437917084198664,Sevilla,990,goalkeeper,Marko Dmitrovic
119403,0.204859097765093,0.066466425575125,0.392827779422754,0.1668780490971886,0.187968681657661,0.1901994495829995,Rayo Vallecano,805,striker,Raúl de Tomás
219929,0.1993874185373307,0.0829915929115328,0.500493309874445,0.1749797342783455,0.3011058913371143,0.1402674021199744,Sevilla,328,striker,Rafa Mir
234511,0.3313324733738944,0.0754392137885776,0.0328270840801177,0.035557572388281,-0.2985053892937766,0.0725131593952327,Celta de Vigo,1095,midfielder,Fran Beltrán
508479,0.2076034403406097,0.0721877840525756,0.0176606245523771,0.026167532666817,-0.1899428157882326,0.0686643754442014,Villarreal,1710,goalkeeper,Filip Jørgensen
165375,0.1537437758020377,0.0528848114305037,0.3462955688863823,0.272512659749376,0.1925517930843446,0.2979590294458076,Villarreal,720,striker,José Luís Morales
493019,0.2366868506546695,0.0716661568898404,0.2138117902683243,0.131673234328106,-0.0228750603863451,0.1291716546368454,Barcelona,1288,defender,Alejandro Balde
50188,0.3316888444395915,0.062685277504776,0.0749989123486693,0.085252604388648,-0.2566899320909223,0.0863360905698249,Real Madrid,1156,defender,David Alaba
174932,0.1971094856361264,0.0641224526389279,0.3033999151795221,0.1684797598508424,0.1062904295433957,0.1644054137472656,Valencia CF,497,midfielder,Sergi Canós
249823,0.2363418886367739,0.0803452618236311,0.3188888098298574,0.1947332313454713,0.0825469211930835,0.1636401699060706,Atlético de Madrid,899,midfielder,Samuel Lino
195385,0.2395910245975142,0.0622813607281425,0.3479253272512058,0.1959898153722173,0.1083343026536916,0.1966969168723803,Athletic Club,651,midfielder,Alex Berenguer
80209,0.3963402946554452,0.075728179016311,0.2690992074538186,0.1622086229803429,-0.1272410872016266,0.1607523112213441,Real Betis,1503,midfielder,Isco
224467,0.2908108157333658,0.0668312066874022,0.1801354358934347,0.1623634588515199,-0.1106753798399312,0.1699638060562995,Girona,1481,midfielder,Iván Martín
472148,0.2974620013073804,0.0891225194478725,0.0859127980870711,0.0949529556457529,-0.2115492032203093,0.1255729883013563,Granada CF,1626,defender,Carlos Neva
463163,0.2580362361092776,0.0928267471296728,0.0576111976565204,0.0933861545483489,-0.2004250384527571,0.122014597840154,Cádiz,1401,defender,Javi Hernández
464284,0.2569422194604909,0.0529309205593207,0.2219768776908317,0.255740833911189,-0.0349653417696592,0.2343480572118141,Mallorca,752,midfielder,Antonio Sánchez
432855,0.305584822738434,0.0495136860510231,0.0244125991250916,0.0089501940111409,-0.2811722236133424,0.0494805767942828,Alavés,292,defender,Nahuel Tenaglia
86813,0.3397375738092273,0.0720976816737922,0.002324540025251,0.002841042993274,-0.3374130337839763,0.0711151527357791,Villarreal,645,defender,Aïssa Mandi
111313,0.2494113442226851,0.0914216258520222,0.0763236470841444,0.0826714677982546,-0.1730876971385407,0.071827973528033,Cádiz,1498,defender,Iza Carcelén
156305,0.2719652387045708,0.0464819441515831,0.1706923440865002,0.1525260965299525,-0.1012728946180706,0.1637574706710333,Cádiz,691,midfielder,Gonzalo Escalante
490541,0.3111850645001934,0.143463021015014,0.2137462723413326,0.1172963791636005,-0.0974387921588607,0.1925326386215881,Barcelona,617,midfielder,Pedri
476412,0.2918307308869481,0.1006359383851835,0.0375724630093548,0.0252150737771332,-0.2542582678775933,0.0982991596425738,Almería,1275,midfielder,Dion Lopy
174816,0.1195057188486228,0.0480417962409474,0.3989863703110503,0.2453700011837803,0.2794806514624275,0.248121599768716,Granada CF,1393,striker,Myrto Uzuni
202044,0.2042596864419001,0.0560741369852451,0.4443732255988215,0.2502044847361716,0.2401135391569213,0.2790092111495975,Real Betis,359,striker,Borja Iglesias
169007,0.3132773530928735,0.0877462645911835,0.1364377275748886,0.1244144572653612,-0.1768396255179849,0.108558041560826,Mallorca,1139,midfielder,Sergi Darder
437463,0.2543542184547241,0.1407274747368486,0.0047004068307307,0.005827453951723,-0.2496538116239934,0.1381767546341878,Cádiz,362,defender,Victor Chust
229222,0.2819452295746664,0.1179464643645827,0.0842750746330978,0.1352031130461817,-0.1976701549415684,0.1809011034473615,Almería,396,defender,Houboulang Mendes
436893,0.2006230057498486,0.0583062439850467,0.1094966216714536,0.0966676166440292,-0.0911263840783948,0.1311465203523459,Las Palmas,995,defender,Julián Araujo
109270,0.361060866268174,0.1254469032077441,0.4767820172557118,0.2409555222965508,0.1157211509875377,0.2749890281855271,Getafe,789,midfielder,Jaime Mata
219292,0.3446803021212199,0.0561982386941593,0.0365767926748265,0.0282548621464912,-0.3081035094463933,0.0573258864370091,Real Madrid,981,midfielder,Aurélien Tchouaméni
490239,0.3492228311154481,0.1124887424878489,0.0171669979418229,0.0391264596353555,-0.3320558331736252,0.1186021050939504,Valencia CF,587,defender,Cenk Özkacar
205523,0.1750700972074546,0.098399965663014,0.0219734594604659,0.02257491575892,-0.1530966377469886,0.0958380748264765,Granada CF,1339,goalkeeper,André Ferreira
444952,0.1779116383014954,0.0644807905131394,0.4064046160101453,0.2769773622784551,0.2284929777086499,0.2672045858838963,Las Palmas,429,midfielder,Pejiño
90318,0.3868434215618794,0.1141325499614598,0.0730748851537322,0.1150072080436774,-0.3137685364081473,0.1304102574616337,Barcelona,543,defender,Íñigo Martínez
510281,0.2117550987575775,0.0762305908744731,0.3626269575154373,0.2202541770728188,0.1508718587578597,0.2132701649517085,Girona,1571,midfielder,Sávio
225463,0.2120056981809274,0.0989609565999576,0.3770245644902814,0.2615701147944462,0.1650188663093539,0.1634856384270308,Mallorca,388,striker,Amath Ndiaye
220191,0.3474607814308821,0.093225918346488,0.0414132710708867,0.0347050438551385,-0.3060475103599954,0.0910433804151841,Valencia CF,1685,midfielder,Pepelu
232016,0.2646977872448573,0.0925141590950237,0.0124392297538769,0.0192768292469296,-0.2522585574909803,0.0891774565133706,Rayo Vallecano,795,defender,Abdul Mumin
213118,0.2717284988063142,0.1060322628840113,0.0877325565759912,0.1593863840883188,-0.1839959422303229,0.1930088601912971,Cádiz,1519,defender,Fali
500046,0.2302012528779396,0.0987803320683685,0.293743408454386,0.2018394257233679,0.0635421555764463,0.2302379051068888,Barcelona,943,midfielder,Gavi
195883,0.3240715516236154,0.0656207721684215,0.3828425932553413,0.187952114530628,0.0587710416317259,0.2122930428822623,Celta de Vigo,1415,midfielder,Jonathan Bamba
624877,0.2196848743134719,0.0575130210777414,0.3576172091566819,0.2284354595404526,0.1379323348432099,0.2567985153275838,Real Betis,798,midfielder,Assane Diao
624878,0.1755312691163863,0.0542299200488159,0.5267994108545905,0.2477082034756066,0.3512681417382042,0.2083027474256838,Alavés,1023,striker,Samu
498444,0.3973913679172783,0.0796557748288141,0.3996930848121424,0.1642770824810405,0.002301716894864,0.0846213076522263,Rayo Vallecano,245,defender,Pep Chavarría
178870,0.2238289570258097,0.0325200564434711,0.233649546651827,0.0395657513649188,0.0098205896260172,0.0720858078083899,Osasuna,243,striker,Kike Barja
243718,0.2893099643377835,0.0390703314935528,0.1992206751966334,0.1163457762481987,-0.0900892891411502,0.1257716914394193,Granada CF,783,midfielder,Óscar Melendo
466072,0.1945790456189179,0.0867176391417779,0.45457167194994,0.3001566254560426,0.2599926263310221,0.3122703690774098,Las Palmas,652,midfielder,Marvin Park
466543,0.2333001228240578,0.0276919327107389,0.2238082265736976,0.1803226298611909,-0.0094918962503601,0.1561906349759695,Rayo Vallecano,260,defender,Andrei Ratiu
234548,0.31260040687374,0.105942478722339,0.224241199334239,0.193692634123537,-0.088359207539501,0.169839183400997,Almería,797,defender,Álex Pozo
184855,0.2000971978125097,0.0842075862303555,0.3336675932422137,0.1344337381711007,0.1335703954297039,0.1101148915006421,Valencia CF,320,striker,Roman Yaremchuk
232175,0.300301802565817,0.1141871731860295,0.0293523336043081,0.0370120401525489,-0.2709494689615088,0.0968603669507239,Cádiz,462,midfielder,Rominigue Kouamé
433530,0.3159801672216286,0.065612561164864,0.1605911021098822,0.132266669517224,-0.1553890651117463,0.1285322787912574,Real Betis,830,defender,Juan Miranda
121220,0.3159316967704583,0.0785767220312081,0.0756317268338316,0.1433236238432256,-0.2402999699366267,0.1305283249737595,Real Betis,1583,defender,Germán Pezzella
246703,0.1621247948336291,0.0598215589895321,0.4340999232175967,0.2187264272277596,0.2719751283839675,0.1973569639389324,Las Palmas,584,striker,Sory Kaba
63119,0.286183219752522,0.1725577020891889,0.0001148808765641,0.0001148808765641,-0.2860683388759578,0.1724428212126247,Girona,275,defender,Juanpe
164474,0.2538260988940684,0.0449258139259435,0.3943082052132436,0.2219646360968458,0.1404821063191752,0.262029983199833,Real Betis,270,defender,Youssouf Sabaly
100059,0.2199384025071939,0.0799708422390513,0.2390400352002087,0.1458221141425623,0.0191016326930148,0.1554173753130392,Villarreal,599,defender,Alberto Moreno
41189,0.358053609881497,0.1012565009866901,0.0354357106211179,0.1056881427770002,-0.322617899260379,0.153011771758563,Atlético de Madrid,1550,defender,Axel Witsel
432838,0.1579144325772414,0.0737930549902575,0.3686841131339721,0.2015730910501203,0.2107696805567306,0.2098931802721344,Almería,699,striker,Luis Suárez
470506,0.2306394522731697,0.0230777200288102,0.0471660674326111,0.0401711174329907,-0.1834733848405586,0.0248996077658116,Athletic Club,406,midfielder,Beñat Prados
96771,0.3563192683764966,0.0721690621225919,0.0450319103302542,0.0630912011118509,-0.3112873580462424,0.0854262336274089,Cádiz,1518,midfielder,Rubén Alcaraz
227166,0.2871800376881289,0.0484856681146213,0.2543163153911869,0.1516552162092901,-0.0328637222969419,0.1611261031030138,Real Madrid,770,defender,Fran García
440077,0.2341346764215441,0.0404134597211956,0.5378798928060231,0.1164056042948161,0.3037452163844789,0.1175770528388673,Real Madrid,1408,striker,Rodrygo
219961,0.2322818140544511,0.101892571614693,0.3518667609490706,0.0974656788723302,0.1195849468946195,0.0948660032897708,Barcelona,670,striker,Raphinha
96767,0.3583423530453601,0.0928869531358407,0.2302288374723383,0.2251823079849902,-0.1281135155730218,0.2872853755461837,Valencia CF,554,midfielder,Dimitri Foulquier
433634,0.1651222615315843,0.0975874794199423,0.5456410069984566,0.3051163599120564,0.3805187454668721,0.2238525277308476,Celta de Vigo,391,striker,Tasos Douvikas
225902,0.3328144766155653,0.0452717070110863,0.0387344144029574,0.0338406404269117,-0.2940800622126078,0.0448375118920071,Sevilla,792,midfielder,Boubakary Soumaré
174528,0.27730904053432,0.0603230646058613,0.1220479759609631,0.1141823100990732,-0.1552610645733568,0.1244647962359731,Real Sociedad,1478,defender,Hamari Traoré
86157,0.2551710896013717,0.1073492839835682,0.2500260555638567,0.1760949100290803,-0.005145034037515,0.1345654282037229,Barcelona,357,midfielder,Sergi Roberto
77359,0.3523820298666532,0.1006116352225521,0.0403740786024985,0.0751274485261264,-0.3120079512641547,0.1060889765871992,Rayo Vallecano,1708,defender,Florian Lejeune
97624,0.2407685127592567,0.0828810125896307,0.108791596472843,0.0886672833039202,-0.1319769162864137,0.0832473431241602,Rayo Vallecano,1432,defender,Iván Balliu
96736,0.3219852921149985,0.0618132136009239,0.1045783187773803,0.1093077356434708,-0.2174069733376181,0.1060072334093295,Athletic Club,1222,midfielder,Íñigo Ruíz de Galarreta
138039,0.1757980347504912,0.0572551356861499,0.009062122204788,0.0131351008270615,-0.1667359125457031,0.0538676249513312,Osasuna,1430,goalkeeper,Sergio Herrera
549329,0.3221205271784878,0.0935004309178978,0.1666601054631415,0.1554639458166349,-0.1554604217153463,0.1842795186568309,Cádiz,757,defender,Lucas Pires
439772,0.3057666413312745,0.0668098636990456,0.3552283268575897,0.1606620671602646,0.0494616855263151,0.166857867928609,Athletic Club,1338,midfielder,Oihan Sancet
49464,0.0794474827512313,0.0396056386747821,0.3872691265005946,0.3394923250552458,0.3078216437493634,0.3461254179529601,Girona,612,striker,Cristhian Stuani
170154,0.3474792239228812,0.0852897484424143,0.1756175870805407,0.1651854798918069,-0.1718616368423404,0.2018405827421604,Mallorca,1032,defender,Pablo Maffeo
108438,0.2314962072670118,0.1015538815240092,0.448660616580804,0.191751089423934,0.2171644093137922,0.2609519083220274,Las Palmas,557,striker,Sandro Ramírez
494928,0.3136765888903719,0.0651930793553311,0.284524074609125,0.1465143779627996,-0.0291525142812468,0.1573848693401894,Sevilla,877,defender,Juanlu Sánchez
41328,0.3479337635877211,0.0773548111837623,0.1116879757976883,0.2379589969333743,-0.2362457877900327,0.2753086559878976,Atlético de Madrid,949,defender,César Azpilicueta
96122,0.4305778910237737,0.0146649900188208,0.0590003316521117,0.0108040347218929,-0.3715775593716619,0.0038609552969278,Real Betis,324,midfielder,William Carvalho
475612,0.2094110921840924,0.0766412642677941,0.3487867883763393,0.1643281607069554,0.1393756961922469,0.215712398232945,Real Sociedad,475,midfielder,Arsen Zakharyan
175204,0.1265189081890767,0.0790252456880063,0.0092774085108501,0.0189016307427539,-0.1172414996782265,0.0720925555833564,Getafe,1710,goalkeeper,David Soria
208135,0.3656257937235166,0.1147371173374308,0.0476269885099109,0.0665602564128475,-0.3179988052136057,0.1517202915437061,Valencia CF,892,defender,Mouctar Diakhaby
554683,0.2179206004865262,0.0627009940131575,0.0316965844945996,0.0012829813375429,-0.1862240159919266,0.0614180126756145,Valencia CF,273,defender,Yarek Gasiorowski
40270,0.330808937260186,0.1138442154181297,0.3836041942530079,0.1752436131722269,0.0527952569928219,0.1893156811013123,Celta de Vigo,1364,striker,Iago Aspas
227162,0.3543025715662003,0.1061451057191966,0.0386101399109792,0.0830496545594478,-0.3156924316552211,0.1619537093302838,Almería,1384,defender,Chumi
248501,0.3031488597639041,0.0852284679259285,0.3538869424298124,0.16751186485992,0.0507380826659081,0.194506163369516,Villarreal,1185,midfielder,Álex Baena
179926,0.2765777239744935,0.0977075270646942,0.25818446933801,0.2293427093749932,-0.0183932546364834,0.1801064286784289,Cádiz,1143,midfielder,Iván Alejo
98770,0.1372231899607988,0.0320588064525775,0.0076778922159656,0.0068967880946167,-0.1295452977448332,0.0342800883188581,Sevilla,630,goalkeeper,Ørjan Nyland
197316,0.2155276961803768,0.1044763884027912,0.0133912138723856,0.0172480404941894,-0.2021364823079912,0.1028001780169672,Real Sociedad,1656,goalkeeper,Álex Remiro
171129,0.3670793864277744,0.1120145879124669,0.1551333383288278,0.1159724373998079,-0.2119460480989465,0.1536303550873292,Getafe,1247,defender,Diego Rico
437834,0.2388310202197992,0.0743746350859456,0.360387715418017,0.1765511276919668,0.1215566951982179,0.216065589161281,Atlético de Madrid,746,midfielder,Rodrigo Riquelme
437460,0.3375281414466966,0.0553481399881723,0.218407344676959,0.2698957205728369,-0.1191207967697374,0.3053619876538743,Valencia CF,432,midfielder,Hugo Guillamón
465495,0.2558448696042402,0.0784061362241206,0.1535375154372875,0.1550501025465853,-0.1023073541669527,0.169523585427551,Granada CF,1355,defender,Ricard Sánchez
169813,0.3495844900073784,0.0695459813286095,0.1597200551439279,0.1399517058313097,-0.1898644348634506,0.1359731499361229,Sevilla,456,defender,Marcos Acuña
56764,0.1256550165863678,0.0413449508635269,0.4858873118963546,0.2455632799614402,0.3602322953099867,0.2457290127487957,Barcelona,1359,striker,Robert Lewandowski
197314,0.3301827301859883,0.067084407831344,0.0600177004688203,0.0642320089600422,-0.2701650297171681,0.093946339145217,Athletic Club,1159,defender,Íñigo Lekue
109243,0.3865219831492019,0.0688595559697454,0.2288793792015905,0.1306679887918843,-0.1576426039476113,0.1177695927499404,Osasuna,1079,midfielder,Moi Gómez
88550,0.1200849265774244,0.0,0.1532147340984152,0.0,0.0331298075209908,0.0,Girona,404,striker,Portu
586866,0.2416369637893617,0.0478379437589712,0.3775591961064677,0.1524733549788658,0.1359222323171059,0.1464121569559629,Alavés,578,midfielder,Abderrahmane Rebbach
77318,0.1395335148204543,0.0988467737506372,0.0150335795663927,0.0353807735358947,-0.1244999352540615,0.0988527502603473,Barcelona,1170,goalkeeper,Marc-André ter Stegen
194282,0.2165473578587555,0.0563726865219759,0.3309164582541276,0.1585760973015594,0.114369100395372,0.149241967177351,Girona,990,midfielder,Viktor Tsygankov
442838,0.3075472305184055,0.1232821475001192,0.5292164500871893,0.2454148930799184,0.2216692195687837,0.2328030997918265,Cádiz,1421,striker,Chris Ramos
241153,0.1948936448509162,0.0610021154741519,0.3447278713488991,0.2176782373289141,0.1498342264979829,0.1677343195761869,Rayo Vallecano,585,midfielder,Jorge de Frutos
11129,0.4087537974728534,0.0840823321917865,0.0717971639289831,0.1327166759541635,-0.3369566335438702,0.1569559993991697,Girona,1193,defender,David López
230071,0.2889990510166115,0.0632734051494708,0.1899501313961744,0.1474306529379117,-0.0990489196204371,0.1056204475143449,Villarreal,477,midfielder,Santi Comesaña
214125,0.3438369516609137,0.0751773496352941,0.2163630253845643,0.2959706629499667,-0.1274739262763493,0.3002238144282207,Almería,958,defender,César Montes
156223,0.1831458437017752,0.0473742829002977,0.6639567383204882,0.1725527822297229,0.4808108946187129,0.130361396963135,Atlético de Madrid,549,striker,Ángel Correa
472145,0.3337639055781878,0.0955992606633097,0.0780540756333918,0.0967985221663639,-0.255709829944796,0.1664443772116002,Real Sociedad,1081,defender,Aihen Muñoz
219173,0.1908925594333577,0.0575438699503146,0.283425944485066,0.0849261165621312,0.0925333850517082,0.108288859229752,Osasuna,451,striker,José Arnáiz
98851,0.3453942429427284,0.1083849931934719,0.0313504724488683,0.0715576087012962,-0.31404377049386,0.1281180955908112,Osasuna,1620,defender,David García
167210,0.1887986397067153,0.091760348466258,0.0102789970662912,0.0191689049582334,-0.178519642640424,0.0901247513565789,Cádiz,1429,goalkeeper,Jeremías Ledesma
178871,0.3997264860655452,0.0544543154461127,0.0849690985320443,0.1068976677111975,-0.3147573875335009,0.1124269555987223,Girona,1790,midfielder,Aleix García
248498,0.2690234726632992,0.0793609510952786,0.2667795564525219,0.1856050355607945,-0.0022439162107773,0.1857734612407604,Girona,1682,defender,Miguel Gutiérrez
206255,0.2653418727020881,0.0623609435565214,0.2111125123105194,0.1249498857471507,-0.0542293603915687,0.1327835676983435,Real Madrid,725,defender,Ferland Mendy
132105,0.2984884835592556,0.0628231695282757,0.2232284039782623,0.2160369120000559,-0.0752600795809933,0.2262846896279537,Valencia CF,1020,defender,José Gayà
493344,0.2189556581819815,0.0905338063459196,0.3857615984825704,0.2791733351843309,0.1668059403005889,0.2506722845442581,Almería,1335,midfielder,Sergio Arribas
561554,0.2818589551695732,0.0574285721837437,0.0744662420271916,0.0529084916776284,-0.2073927131423816,0.0809855417982191,Real Betis,284,midfielder,Sergi Altimira
234908,0.3395255436846991,0.099786481701462,0.1646048677749701,0.1844881627946917,-0.174920675909729,0.1775660490435153,Villarreal,1063,defender,Juan Foyth
466057,0.2396089079267834,0.0613181898681646,0.4146852842072448,0.2752979918031119,0.1750763762804613,0.2513299198631454,Valencia CF,1264,midfielder,Fran Pérez
192895,0.326839408661528,0.1195384887533632,0.1286592470439779,0.1243371802161325,-0.19818016161755,0.1540022770713599,Real Sociedad,741,defender,Kieran Tierney
176245,0.1642258119348525,0.0783751165594408,0.009207917949062,0.0110491168516217,-0.1550178939857905,0.0773884829640629,Alavés,1710,goalkeeper,Antonio Sivera
545998,0.2819252850148405,0.0908524099463713,0.3515626153130417,0.2474108943836852,0.0696373302982011,0.2584509277319447,Getafe,517,midfielder,José Ángel Carmona
463001,0.2122682907719517,0.0750482771622305,0.0156619915464954,0.0429368189632155,-0.1966062992254562,0.0797948585086234,Alavés,1255,defender,Abdelkabir Abqar
38439,0.316455580104748,0.0692389690657931,0.0979177800186262,0.1321246222271784,-0.2185378000861217,0.140623948019826,Villarreal,1141,midfielder,Étienne Capoue
62974,0.2378770646275471,0.0404616972018379,0.4364573081070931,0.1907825877169572,0.198580243479546,0.1798147567938539,Sevilla,338,midfielder,Erik Lamela
226541,0.2106593270184217,0.0584567883303814,0.2530451624203416,0.1799853852451002,0.0423858354019198,0.1837278054552395,Girona,1097,midfielder,Yangel Herrera
170116,0.2745606568981393,0.1348952018921166,0.0429326606138183,0.1125040674277273,-0.2316279962843209,0.1300010968457711,Mallorca,1374,defender,Martin Valjent
481655,0.2765188873630718,0.081662676992772,0.0835506740689247,0.07958260250572,-0.1929682132941471,0.0875858589799361,Real Sociedad,1697,midfielder,Martín Zubimendi
33148,0.1459208487039588,0.0807639712885977,0.0051608598431482,0.0051395427638435,-0.1407599888608106,0.0808561049712989,Real Betis,630,goalkeeper,Claudio Bravo
441293,0.112954196168244,0.0075633886343095,0.0995834718214246,0.0090609974121031,-0.0133707243468193,0.0014976087777935,Almería,247,midfielder,Lázaro
244273,0.2853166602811067,0.0892247481783946,0.0821557970516534,0.1586923092123941,-0.2031608632294533,0.1761778954334224,Osasuna,1344,defender,Alejandro Catena
103953,0.3714758674171071,0.0824433107368888,0.321659993334881,0.1737416048920918,-0.049815874082226,0.1499611457435255,Sevilla,852,midfielder,Suso
201178,0.3141577074484374,0.0683609013113746,0.2984038458785201,0.1815295345653018,-0.0157538615699173,0.1727023765659145,Alavés,1364,midfielder,Jon Guridi
221306,0.2801624891664656,0.0601685925104134,0.2614252252301723,0.2133034898438674,-0.0187372639362933,0.2179470965365482,Mallorca,657,defender,Toni Lato
88477,0.2720197009035244,0.0773965478178705,0.0413808528119027,0.0779580469318073,-0.2306388480916217,0.0907677021692851,Real Madrid,584,defender,Nacho
204814,0.1709781503668014,0.017602356422123,0.3569482231847881,0.0795028931574336,0.1859700728179867,0.0619005367353105,Villarreal,261,striker,Ben Brereton
109269,0.2624002943093417,0.0864921829537578,0.4554890097907504,0.2250149054144428,0.1930887154814087,0.1776709486173482,Almería,1030,striker,Léo Baptistão
220182,0.2088128052123652,0.0482678721543092,0.4070616465393215,0.2667913561527021,0.1982488413269563,0.2634353718409256,Athletic Club,1398,striker,Gorka Guruzeta
205992,0.2555830774711927,0.0816310240778254,0.2909188195583677,0.1141677905182108,0.035335742087175,0.1045651732654354,Osasuna,865,striker,Chimy Avila
88482,0.1345043358675041,0.0700524095333672,0.3424558452050489,0.2308110849728592,0.2079515093375447,0.2114435659575374,Atlético de Madrid,1272,striker,Álvaro Morata
465494,0.3040011801135924,0.0654535245543298,0.1578269401737463,0.1555475675061416,-0.1461742399398461,0.1625910205228507,Celta de Vigo,1079,defender,Manu Sánchez
193774,0.2399340060622402,0.0984937615394912,0.6120163433614483,0.2222987766281707,0.372082337299208,0.2216949005114969,Granada CF,1222,striker,Lucas Boyé
247636,0.2978178849661202,0.1083624330603901,0.2545822150957124,0.1226947461884131,-0.0432356698704078,0.1451693860633625,Valencia CF,484,striker,André Almeida
519373,0.2475211547141742,0.0815711926196115,0.1281234292967717,0.1051290386790076,-0.1193977254174025,0.0785816326063407,Villarreal,615,midfielder,Ramon Terrats
449300,0.2617055320770144,0.0190142628760412,0.4480365315016672,0.2697510623455856,0.1863309994246527,0.2532338145631284,Rayo Vallecano,401,striker,Randy Nteka
198221,0.2404232368698312,0.0900594451147609,0.2357797862487241,0.2091736034718681,-0.004643450621107,0.1575875923270784,Las Palmas,1349,midfielder,Javi Muñoz
